Workbook

Sheet Sheet1
A1: ID | B1: 容器等级 | C1: 容器名称 | D1: 掉落品质 | E1: 掉落物 | F1: 权重万分比 | G1: 长 | H1: 宽 | I1: 面积 | J1: 价值 | K1: 权重改1 | L1: 权重改2 | M1: 概率 | N1: 期望价值 | S1: 白 | T1: 绿 | U1: 蓝 | V1: 紫 | W1: 金 | X1: 红
A2: -1
A3: 1 | B3: 1级容器 | C3: 陶罐1 | D3: 白 | E3: 生肉 | F3: =K3 -> 101 | G3: =VLOOKUP(E3,Sheet2!$B:$G,5,FALSE) -> 1 | H3: =VLOOKUP(E3,Sheet2!$B:$G,6,FALSE) -> 1 | I3: =G3*H3 -> 1 | J3: =VLOOKUP(E3,Sheet2!$B:$I,8,FALSE) -> 995 | K3: {=_xlfn.IFS(D3="白",ROUND(100000/J3,0),D3="绿",ROUND(300000/J3,0),D3="蓝",ROUND(1000000/J3,0),D3="紫",ROUND(3000000/J3,0),D3="金",ROUND(10000000/J3,0),D3="红",ROUND(30000000/J3,0))} -> 101 | L3: =IF(VLOOKUP(E3,Sheet2!$B:$V,21,FALSE)=1,K3,ROUND(K3/2,0)) -> 51 | M3: {=K3/VLOOKUP(C3,$R$1:$X$34,_xlfn.IFS(D3=S$1,2,D3=T$1,3,D3=U$1,4,D3=V$1,5,D3=W$1,6,D3=X$1,7),FALSE)} -> 0.027535442 | N3: =J3*M3 -> 27.397764 | R3: 保险柜 | S3: =SUMIFS($K:$K,$C:$C,$R3,$D:$D,S$1) -> 2202 | T3: =SUMIFS($K:$K,$C:$C,$R3,$D:$D,T$1) -> 386 | U3: =SUMIFS($K:$K,$C:$C,$R3,$D:$D,U$1) -> 601 | V3: =SUMIFS($K:$K,$C:$C,$R3,$D:$D,V$1) -> 1198 | W3: =SUMIFS($K:$K,$C:$C,$R3,$D:$D,W$1) -> 2385 | X3: =SUMIFS($K:$K,$C:$C,$R3,$D:$D,X$1) -> 2061
A4: 2 | B4: 1级容器 | C4: 陶罐1 | D4: 白 | E4: 粗制兽皮 | F4: =K4 -> 99 | G4: =VLOOKUP(E4,Sheet2!$B:$G,5,FALSE) -> 1 | H4: =VLOOKUP(E4,Sheet2!$B:$G,6,FALSE) -> 1 | I4: =G4*H4 -> 1 | J4: =VLOOKUP(E4,Sheet2!$B:$I,8,FALSE) -> 1006 | K4: {=_xlfn.IFS(D4="白",ROUND(100000/J4,0),D4="绿",ROUND(300000/J4,0),D4="蓝",ROUND(1000000/J4,0),D4="紫",ROUND(3000000/J4,0),D4="金",ROUND(10000000/J4,0),D4="红",ROUND(30000000/J4,0))} -> 99 | L4: =IF(VLOOKUP(E4,Sheet2!$B:$V,21,FALSE)=1,K4,ROUND(K4/2,0)) -> 50 | M4: {=K4/VLOOKUP(C4,$R$1:$X$34,_xlfn.IFS(D4=S$1,2,D4=T$1,3,D4=U$1,4,D4=V$1,5,D4=W$1,6,D4=X$1,7),FALSE)} -> 0.026990185 | N4: =J4*M4 -> 27.152126 | R4: 小保险箱 | S4: =SUMIFS($K:$K,$C:$C,$R4,$D:$D,S$1) -> 2303 | T4: =SUMIFS($K:$K,$C:$C,$R4,$D:$D,T$1) -> 1038 | U4: =SUMIFS($K:$K,$C:$C,$R4,$D:$D,U$1) -> 957 | V4: =SUMIFS($K:$K,$C:$C,$R4,$D:$D,V$1) -> 1813 | W4: =SUMIFS($K:$K,$C:$C,$R4,$D:$D,W$1) -> 3044 | X4: =SUMIFS($K:$K,$C:$C,$R4,$D:$D,X$1) -> 2582
A5: 3 | B5: 1级容器 | C5: 陶罐1 | D5: 白 | E5: 巨龟甲片 | F5: =K5 -> 28 | G5: =VLOOKUP(E5,Sheet2!$B:$G,5,FALSE) -> 2 | H5: =VLOOKUP(E5,Sheet2!$B:$G,6,FALSE) -> 2 | I5: =G5*H5 -> 4 | J5: =VLOOKUP(E5,Sheet2!$B:$I,8,FALSE) -> 3625 | K5: {=_xlfn.IFS(D5="白",ROUND(100000/J5,0),D5="绿",ROUND(300000/J5,0),D5="蓝",ROUND(1000000/J5,0),D5="紫",ROUND(3000000/J5,0),D5="金",ROUND(10000000/J5,0),D5="红",ROUND(30000000/J5,0))} -> 28 | L5: =IF(VLOOKUP(E5,Sheet2!$B:$V,21,FALSE)=1,K5,ROUND(K5/2,0)) -> 14 | M5: {=K5/VLOOKUP(C5,$R$1:$X$34,_xlfn.IFS(D5=S$1,2,D5=T$1,3,D5=U$1,4,D5=V$1,5,D5=W$1,6,D5=X$1,7),FALSE)} -> 0.0076335878 | N5: =J5*M5 -> 27.671756 | R5: 魔法仪器 | S5: =SUMIFS($K:$K,$C:$C,$R5,$D:$D,S$1) -> 304 | T5: =SUMIFS($K:$K,$C:$C,$R5,$D:$D,T$1) -> 202 | U5: =SUMIFS($K:$K,$C:$C,$R5,$D:$D,U$1) -> 203 | V5: =SUMIFS($K:$K,$C:$C,$R5,$D:$D,V$1) -> 653 | W5: =SUMIFS($K:$K,$C:$C,$R5,$D:$D,W$1) -> 911 | X5: =SUMIFS($K:$K,$C:$C,$R5,$D:$D,X$1) -> 812
A6: 4 | B6: 1级容器 | C6: 陶罐1 | D6: 白 | E6: 刻刀 | F6: =K6 -> 99 | G6: =VLOOKUP(E6,Sheet2!$B:$G,5,FALSE) -> 1 | H6: =VLOOKUP(E6,Sheet2!$B:$G,6,FALSE) -> 1 | I6: =G6*H6 -> 1 | J6: =VLOOKUP(E6,Sheet2!$B:$I,8,FALSE) -> 1009 | K6: {=_xlfn.IFS(D6="白",ROUND(100000/J6,0),D6="绿",ROUND(300000/J6,0),D6="蓝",ROUND(1000000/J6,0),D6="紫",ROUND(3000000/J6,0),D6="金",ROUND(10000000/J6,0),D6="红",ROUND(30000000/J6,0))} -> 99 | L6: =IF(VLOOKUP(E6,Sheet2!$B:$V,21,FALSE)=1,K6,ROUND(K6/2,0)) -> 50 | M6: {=K6/VLOOKUP(C6,$R$1:$X$34,_xlfn.IFS(D6=S$1,2,D6=T$1,3,D6=U$1,4,D6=V$1,5,D6=W$1,6,D6=X$1,7),FALSE)} -> 0.026990185 | N6: =J6*M6 -> 27.233097 | R6: 高级储物箱 | S6: =SUMIFS($K:$K,$C:$C,$R6,$D:$D,S$1) -> 4493 | T6: =SUMIFS($K:$K,$C:$C,$R6,$D:$D,T$1) -> 5225 | U6: =SUMIFS($K:$K,$C:$C,$R6,$D:$D,U$1) -> 5056 | V6: =SUMIFS($K:$K,$C:$C,$R6,$D:$D,V$1) -> 5481 | W6: =SUMIFS($K:$K,$C:$C,$R6,$D:$D,W$1) -> 6270 | X6: =SUMIFS($K:$K,$C:$C,$R6,$D:$D,X$1) -> 4549
A7: 5 | B7: 1级容器 | C7: 陶罐1 | D7: 白 | E7: 磨刀石 | F7: =K7 -> 52 | G7: =VLOOKUP(E7,Sheet2!$B:$G,5,FALSE) -> 1 | H7: =VLOOKUP(E7,Sheet2!$B:$G,6,FALSE) -> 2 | I7: =G7*H7 -> 2 | J7: =VLOOKUP(E7,Sheet2!$B:$I,8,FALSE) -> 1926 | K7: {=_xlfn.IFS(D7="白",ROUND(100000/J7,0),D7="绿",ROUND(300000/J7,0),D7="蓝",ROUND(1000000/J7,0),D7="紫",ROUND(3000000/J7,0),D7="金",ROUND(10000000/J7,0),D7="红",ROUND(30000000/J7,0))} -> 52 | L7: =IF(VLOOKUP(E7,Sheet2!$B:$V,21,FALSE)=1,K7,ROUND(K7/2,0)) -> 26 | M7: {=K7/VLOOKUP(C7,$R$1:$X$34,_xlfn.IFS(D7=S$1,2,D7=T$1,3,D7=U$1,4,D7=V$1,5,D7=W$1,6,D7=X$1,7),FALSE)} -> 0.014176663 | N7: =J7*M7 -> 27.304253 | R7: 高级旅行包 | S7: =SUMIFS($K:$K,$C:$C,$R7,$D:$D,S$1) -> 2989 | T7: =SUMIFS($K:$K,$C:$C,$R7,$D:$D,T$1) -> 1501 | U7: =SUMIFS($K:$K,$C:$C,$R7,$D:$D,U$1) -> 1583 | V7: =SUMIFS($K:$K,$C:$C,$R7,$D:$D,V$1) -> 2585 | W7: =SUMIFS($K:$K,$C:$C,$R7,$D:$D,W$1) -> 3948 | X7: =SUMIFS($K:$K,$C:$C,$R7,$D:$D,X$1) -> 3120
A8: 6 | B8: 1级容器 | C8: 陶罐1 | D8: 白 | E8: 线 | F8: =K8 -> 101 | G8: =VLOOKUP(E8,Sheet2!$B:$G,5,FALSE) -> 1 | H8: =VLOOKUP(E8,Sheet2!$B:$G,6,FALSE) -> 1 | I8: =G8*H8 -> 1 | J8: =VLOOKUP(E8,Sheet2!$B:$I,8,FALSE) -> 995 | K8: {=_xlfn.IFS(D8="白",ROUND(100000/J8,0),D8="绿",ROUND(300000/J8,0),D8="蓝",ROUND(1000000/J8,0),D8="紫",ROUND(3000000/J8,0),D8="金",ROUND(10000000/J8,0),D8="红",ROUND(30000000/J8,0))} -> 101 | L8: =IF(VLOOKUP(E8,Sheet2!$B:$V,21,FALSE)=1,K8,ROUND(K8/2,0)) -> 51 | M8: {=K8/VLOOKUP(C8,$R$1:$X$34,_xlfn.IFS(D8=S$1,2,D8=T$1,3,D8=U$1,4,D8=V$1,5,D8=W$1,6,D8=X$1,7),FALSE)} -> 0.027535442 | N8: =J8*M8 -> 27.397764 | R8: 魔法材料柜 | S8: =SUMIFS($K:$K,$C:$C,$R8,$D:$D,S$1) -> 101 | T8: =SUMIFS($K:$K,$C:$C,$R8,$D:$D,T$1) -> 1152 | U8: =SUMIFS($K:$K,$C:$C,$R8,$D:$D,U$1) -> 1028 | V8: =SUMIFS($K:$K,$C:$C,$R8,$D:$D,V$1) -> 852 | W8: =SUMIFS($K:$K,$C:$C,$R8,$D:$D,W$1) -> 748 | X8: =SUMIFS($K:$K,$C:$C,$R8,$D:$D,X$1) -> 684
A9: 7 | B9: 1级容器 | C9: 陶罐1 | D9: 白 | E9: 空瓶 | F9: =K9 -> 51 | G9: =VLOOKUP(E9,Sheet2!$B:$G,5,FALSE) -> 1 | H9: =VLOOKUP(E9,Sheet2!$B:$G,6,FALSE) -> 2 | I9: =G9*H9 -> 2 | J9: =VLOOKUP(E9,Sheet2!$B:$I,8,FALSE) -> 1942 | K9: {=_xlfn.IFS(D9="白",ROUND(100000/J9,0),D9="绿",ROUND(300000/J9,0),D9="蓝",ROUND(1000000/J9,0),D9="紫",ROUND(3000000/J9,0),D9="金",ROUND(10000000/J9,0),D9="红",ROUND(30000000/J9,0))} -> 51 | L9: =IF(VLOOKUP(E9,Sheet2!$B:$V,21,FALSE)=1,K9,ROUND(K9/2,0)) -> 26 | M9: {=K9/VLOOKUP(C9,$R$1:$X$34,_xlfn.IFS(D9=S$1,2,D9=T$1,3,D9=U$1,4,D9=V$1,5,D9=W$1,6,D9=X$1,7),FALSE)} -> 0.013904035 | N9: =J9*M9 -> 27.001636 | R9: 魔晶核箱 | S9: =SUMIFS($K:$K,$C:$C,$R9,$D:$D,S$1) -> 100 | T9: =SUMIFS($K:$K,$C:$C,$R9,$D:$D,T$1) -> 1899 | U9: =SUMIFS($K:$K,$C:$C,$R9,$D:$D,U$1) -> 3794 | V9: =SUMIFS($K:$K,$C:$C,$R9,$D:$D,V$1) -> 6603 | W9: =SUMIFS($K:$K,$C:$C,$R9,$D:$D,W$1) -> 6612 | X9: =SUMIFS($K:$K,$C:$C,$R9,$D:$D,X$1) -> 6598
A10: 8 | B10: 1级容器 | C10: 陶罐1 | D10: 白 | E10: 炼金瓶 | F10: =K10 -> 27 | G10: =VLOOKUP(E10,Sheet2!$B:$G,5,FALSE) -> 2 | H10: =VLOOKUP(E10,Sheet2!$B:$G,6,FALSE) -> 2 | I10: =G10*H10 -> 4 | J10: =VLOOKUP(E10,Sheet2!$B:$I,8,FALSE) -> 3673 | K10: {=_xlfn.IFS(D10="白",ROUND(100000/J10,0),D10="绿",ROUND(300000/J10,0),D10="蓝",ROUND(1000000/J10,0),D10="紫",ROUND(3000000/J10,0),D10="金",ROUND(10000000/J10,0),D10="红",ROUND(30000000/J10,0))} -> 27 | L10: =IF(VLOOKUP(E10,Sheet2!$B:$V,21,FALSE)=1,K10,ROUND(K10/2,0)) -> 14 | M10: {=K10/VLOOKUP(C10,$R$1:$X$34,_xlfn.IFS(D10=S$1,2,D10=T$1,3,D10=U$1,4,D10=V$1,5,D10=W$1,6,D10=X$1,7),FALSE)} -> 0.0073609597 | N10: =J10*M10 -> 27.036805 | R10: 医疗箱 | S10: =SUMIFS($K:$K,$C:$C,$R10,$D:$D,S$1) -> 927 | T10: =SUMIFS($K:$K,$C:$C,$R10,$D:$D,T$1) -> 1353 | U10: =SUMIFS($K:$K,$C:$C,$R10,$D:$D,U$1) -> 1074 | V10: =SUMIFS($K:$K,$C:$C,$R10,$D:$D,V$1) -> 808 | W10: =SUMIFS($K:$K,$C:$C,$R10,$D:$D,W$1) -> 785 | X10: =SUMIFS($K:$K,$C:$C,$R10,$D:$D,X$1) -> 121
A11: 9 | B11: 1级容器 | C11: 陶罐1 | D11: 白 | E11: 绳子 | F11: =K11 -> 52 | G11: =VLOOKUP(E11,Sheet2!$B:$G,5,FALSE) -> 1 | H11: =VLOOKUP(E11,Sheet2!$B:$G,6,FALSE) -> 2 | I11: =G11*H11 -> 2 | J11: =VLOOKUP(E11,Sheet2!$B:$I,8,FALSE) -> 1938 | K11: {=_xlfn.IFS(D11="白",ROUND(100000/J11,0),D11="绿",ROUND(300000/J11,0),D11="蓝",ROUND(1000000/J11,0),D11="紫",ROUND(3000000/J11,0),D11="金",ROUND(10000000/J11,0),D11="红",ROUND(30000000/J11,0))} -> 52 | L11: =IF(VLOOKUP(E11,Sheet2!$B:$V,21,FALSE)=1,K11,ROUND(K11/2,0)) -> 26 | M11: {=K11/VLOOKUP(C11,$R$1:$X$34,_xlfn.IFS(D11=S$1,2,D11=T$1,3,D11=U$1,4,D11=V$1,5,D11=W$1,6,D11=X$1,7),FALSE)} -> 0.014176663 | N11: =J11*M11 -> 27.474373 | R11: 手提箱 | S11: =SUMIFS($K:$K,$C:$C,$R11,$D:$D,S$1) -> 2989 | T11: =SUMIFS($K:$K,$C:$C,$R11,$D:$D,T$1) -> 1501 | U11: =SUMIFS($K:$K,$C:$C,$R11,$D:$D,U$1) -> 1583 | V11: =SUMIFS($K:$K,$C:$C,$R11,$D:$D,V$1) -> 2585 | W11: =SUMIFS($K:$K,$C:$C,$R11,$D:$D,W$1) -> 3948 | X11: =SUMIFS($K:$K,$C:$C,$R11,$D:$D,X$1) -> 3120
A12: 10 | B12: 1级容器 | C12: 陶罐1 | D12: 白 | E12: 木材 | F12: =K12 -> 51 | G12: =VLOOKUP(E12,Sheet2!$B:$G,5,FALSE) -> 1 | H12: =VLOOKUP(E12,Sheet2!$B:$G,6,FALSE) -> 2 | I12: =G12*H12 -> 2 | J12: =VLOOKUP(E12,Sheet2!$B:$I,8,FALSE) -> 1946 | K12: {=_xlfn.IFS(D12="白",ROUND(100000/J12,0),D12="绿",ROUND(300000/J12,0),D12="蓝",ROUND(1000000/J12,0),D12="紫",ROUND(3000000/J12,0),D12="金",ROUND(10000000/J12,0),D12="红",ROUND(30000000/J12,0))} -> 51 | L12: =IF(VLOOKUP(E12,Sheet2!$B:$V,21,FALSE)=1,K12,ROUND(K12/2,0)) -> 26 | M12: {=K12/VLOOKUP(C12,$R$1:$X$34,_xlfn.IFS(D12=S$1,2,D12=T$1,3,D12=U$1,4,D12=V$1,5,D12=W$1,6,D12=X$1,7),FALSE)} -> 0.013904035 | N12: =J12*M12 -> 27.057252 | R12: 武器箱 | S12: =SUMIFS($K:$K,$C:$C,$R12,$D:$D,S$1) -> 100 | T12: =SUMIFS($K:$K,$C:$C,$R12,$D:$D,T$1) -> 1899 | U12: =SUMIFS($K:$K,$C:$C,$R12,$D:$D,U$1) -> 3794 | V12: =SUMIFS($K:$K,$C:$C,$R12,$D:$D,V$1) -> 6603 | W12: =SUMIFS($K:$K,$C:$C,$R12,$D:$D,W$1) -> 6612 | X12: =SUMIFS($K:$K,$C:$C,$R12,$D:$D,X$1) -> 6598
A13: 11 | B13: 1级容器 | C13: 陶罐1 | D13: 白 | E13: 铁锁扣 | F13: =K13 -> 101 | G13: =VLOOKUP(E13,Sheet2!$B:$G,5,FALSE) -> 1 | H13: =VLOOKUP(E13,Sheet2!$B:$G,6,FALSE) -> 1 | I13: =G13*H13 -> 1 | J13: =VLOOKUP(E13,Sheet2!$B:$I,8,FALSE) -> 992 | K13: {=_xlfn.IFS(D13="白",ROUND(100000/J13,0),D13="绿",ROUND(300000/J13,0),D13="蓝",ROUND(1000000/J13,0),D13="紫",ROUND(3000000/J13,0),D13="金",ROUND(10000000/J13,0),D13="红",ROUND(30000000/J13,0))} -> 101 | L13: =IF(VLOOKUP(E13,Sheet2!$B:$V,21,FALSE)=1,K13,ROUND(K13/2,0)) -> 51 | M13: {=K13/VLOOKUP(C13,$R$1:$X$34,_xlfn.IFS(D13=S$1,2,D13=T$1,3,D13=U$1,4,D13=V$1,5,D13=W$1,6,D13=X$1,7),FALSE)} -> 0.027535442 | N13: =J13*M13 -> 27.315158 | R13: 魔晶核包 | S13: =SUMIFS($K:$K,$C:$C,$R13,$D:$D,S$1) -> 0 | T13: =SUMIFS($K:$K,$C:$C,$R13,$D:$D,T$1) -> 1799 | U13: =SUMIFS($K:$K,$C:$C,$R13,$D:$D,U$1) -> 3592 | V13: =SUMIFS($K:$K,$C:$C,$R13,$D:$D,V$1) -> 6401 | W13: =SUMIFS($K:$K,$C:$C,$R13,$D:$D,W$1) -> 6411 | X13: =SUMIFS($K:$K,$C:$C,$R13,$D:$D,X$1) -> 6398
A14: 12 | B14: 1级容器 | C14: 陶罐1 | D14: 白 | E14: 木尺 | F14: =K14 -> 99 | G14: =VLOOKUP(E14,Sheet2!$B:$G,5,FALSE) -> 1 | H14: =VLOOKUP(E14,Sheet2!$B:$G,6,FALSE) -> 1 | I14: =G14*H14 -> 1 | J14: =VLOOKUP(E14,Sheet2!$B:$I,8,FALSE) -> 1006 | K14: {=_xlfn.IFS(D14="白",ROUND(100000/J14,0),D14="绿",ROUND(300000/J14,0),D14="蓝",ROUND(1000000/J14,0),D14="紫",ROUND(3000000/J14,0),D14="金",ROUND(10000000/J14,0),D14="红",ROUND(30000000/J14,0))} -> 99 | L14: =IF(VLOOKUP(E14,Sheet2!$B:$V,21,FALSE)=1,K14,ROUND(K14/2,0)) -> 50 | M14: {=K14/VLOOKUP(C14,$R$1:$X$34,_xlfn.IFS(D14=S$1,2,D14=T$1,3,D14=U$1,4,D14=V$1,5,D14=W$1,6,D14=X$1,7),FALSE)} -> 0.026990185 | N14: =J14*M14 -> 27.152126 | R14: 医疗包 | S14: =SUMIFS($K:$K,$C:$C,$R14,$D:$D,S$1) -> 927 | T14: =SUMIFS($K:$K,$C:$C,$R14,$D:$D,T$1) -> 1353 | U14: =SUMIFS($K:$K,$C:$C,$R14,$D:$D,U$1) -> 1074 | V14: =SUMIFS($K:$K,$C:$C,$R14,$D:$D,V$1) -> 808 | W14: =SUMIFS($K:$K,$C:$C,$R14,$D:$D,W$1) -> 785 | X14: =SUMIFS($K:$K,$C:$C,$R14,$D:$D,X$1) -> 121
... A34: 32 | B34: 1级容器 | C34: 陶罐1 | D34: 白 | E34: 倒吊人之牌 | F34: =K34 -> 100 | G34: =VLOOKUP(E34,Sheet2!$B:$G,5,FALSE) -> 1 | H34: =VLOOKUP(E34,Sheet2!$B:$G,6,FALSE) -> 1 | I34: =G34*H34 -> 1 | J34: =VLOOKUP(E34,Sheet2!$B:$I,8,FALSE) -> 1004 | K34: {=_xlfn.IFS(D34="白",ROUND(100000/J34,0),D34="绿",ROUND(300000/J34,0),D34="蓝",ROUND(1000000/J34,0),D34="紫",ROUND(3000000/J34,0),D34="金",ROUND(10000000/J34,0),D34="红",ROUND(30000000/J34,0))} -> 100 | L34: =IF(VLOOKUP(E34,Sheet2!$B:$V,21,FALSE)=1,K34,ROUND(K34/2,0)) -> 50 | M34: {=K34/VLOOKUP(C34,$R$1:$X$34,_xlfn.IFS(D34=S$1,2,D34=T$1,3,D34=U$1,4,D34=V$1,5,D34=W$1,6,D34=X$1,7),FALSE)} -> 0.027262814 | N34: =J34*M34 -> 27.371865 | R34: 陶罐6 | S34: =SUMIFS($K:$K,$C:$C,$R34,$D:$D,S$1) -> 1949 | T34: =SUMIFS($K:$K,$C:$C,$R34,$D:$D,T$1) -> 4521 | U34: =SUMIFS($K:$K,$C:$C,$R34,$D:$D,U$1) -> 3703 | V34: =SUMIFS($K:$K,$C:$C,$R34,$D:$D,V$1) -> 3490 | W34: =SUMIFS($K:$K,$C:$C,$R34,$D:$D,W$1) -> 3240 | X34: =SUMIFS($K:$K,$C:$C,$R34,$D:$D,X$1) -> 2010
A35: 33 | B35: 1级容器 | C35: 陶罐1 | D35: 白 | E35: 死神之牌 | F35: =K35 -> 101 | G35: =VLOOKUP(E35,Sheet2!$B:$G,5,FALSE) -> 1 | H35: =VLOOKUP(E35,Sheet2!$B:$G,6,FALSE) -> 1 | I35: =G35*H35 -> 1 | J35: =VLOOKUP(E35,Sheet2!$B:$I,8,FALSE) -> 994 | K35: {=_xlfn.IFS(D35="白",ROUND(100000/J35,0),D35="绿",ROUND(300000/J35,0),D35="蓝",ROUND(1000000/J35,0),D35="紫",ROUND(3000000/J35,0),D35="金",ROUND(10000000/J35,0),D35="红",ROUND(30000000/J35,0))} -> 101 | L35: =IF(VLOOKUP(E35,Sheet2!$B:$V,21,FALSE)=1,K35,ROUND(K35/2,0)) -> 51 | M35: {=K35/VLOOKUP(C35,$R$1:$X$34,_xlfn.IFS(D35=S$1,2,D35=T$1,3,D35=U$1,4,D35=V$1,5,D35=W$1,6,D35=X$1,7),FALSE)} -> 0.027535442 | N35: =J35*M35 -> 27.370229 | Y35: 单局 | Z35: {=SUMPRODUCT(Z37:Z68,AA37:AA68)} -> 3206292.4
A36: 34 | B36: 1级容器 | C36: 陶罐1 | D36: 白 | E36: 节制之牌 | F36: =K36 -> 99 | G36: =VLOOKUP(E36,Sheet2!$B:$G,5,FALSE) -> 1 | H36: =VLOOKUP(E36,Sheet2!$B:$G,6,FALSE) -> 1 | I36: =G36*H36 -> 1 | J36: =VLOOKUP(E36,Sheet2!$B:$I,8,FALSE) -> 1009 | K36: {=_xlfn.IFS(D36="白",ROUND(100000/J36,0),D36="绿",ROUND(300000/J36,0),D36="蓝",ROUND(1000000/J36,0),D36="紫",ROUND(3000000/J36,0),D36="金",ROUND(10000000/J36,0),D36="红",ROUND(30000000/J36,0))} -> 99 | L36: =IF(VLOOKUP(E36,Sheet2!$B:$V,21,FALSE)=1,K36,ROUND(K36/2,0)) -> 50 | M36: {=K36/VLOOKUP(C36,$R$1:$X$34,_xlfn.IFS(D36=S$1,2,D36=T$1,3,D36=U$1,4,D36=V$1,5,D36=W$1,6,D36=X$1,7),FALSE)} -> 0.026990185 | N36: =J36*M36 -> 27.233097
A37: 35 | B37: 1级容器 | C37: 陶罐1 | D37: 白 | E37: 恶魔之牌 | F37: =K37 -> 101 | G37: =VLOOKUP(E37,Sheet2!$B:$G,5,FALSE) -> 1 | H37: =VLOOKUP(E37,Sheet2!$B:$G,6,FALSE) -> 1 | I37: =G37*H37 -> 1 | J37: =VLOOKUP(E37,Sheet2!$B:$I,8,FALSE) -> 994 | K37: {=_xlfn.IFS(D37="白",ROUND(100000/J37,0),D37="绿",ROUND(300000/J37,0),D37="蓝",ROUND(1000000/J37,0),D37="紫",ROUND(3000000/J37,0),D37="金",ROUND(10000000/J37,0),D37="红",ROUND(30000000/J37,0))} -> 101 | L37: =IF(VLOOKUP(E37,Sheet2!$B:$V,21,FALSE)=1,K37,ROUND(K37/2,0)) -> 51 | M37: {=K37/VLOOKUP(C37,$R$1:$X$34,_xlfn.IFS(D37=S$1,2,D37=T$1,3,D37=U$1,4,D37=V$1,5,D37=W$1,6,D37=X$1,7),FALSE)} -> 0.027535442 | N37: =J37*M37 -> 27.370229 | R37: 保险柜 | S37: =SUMIFS($N:$N,$C:$C,$R37,$D:$D,S$1) -> 1000.3738 | T37: =SUMIFS($N:$N,$C:$C,$R37,$D:$D,T$1) -> 5454.7461 | U37: =SUMIFS($N:$N,$C:$C,$R37,$D:$D,U$1) -> 11624.651 | V37: =SUMIFS($N:$N,$C:$C,$R37,$D:$D,V$1) -> 45147.449 | W37: =SUMIFS($N:$N,$C:$C,$R37,$D:$D,W$1) -> 138201.25 | X37: =SUMIFS($N:$N,$C:$C,$R37,$D:$D,X$1) -> 583145.04 | Z37: {=SUMPRODUCT(S37:X37,S70:X70)} -> 124304.18 | AA37: 4.5
A38: 36 | B38: 1级容器 | C38: 陶罐1 | D38: 白 | E38: 高塔之牌 | F38: =K38 -> 101 | G38: =VLOOKUP(E38,Sheet2!$B:$G,5,FALSE) -> 1 | H38: =VLOOKUP(E38,Sheet2!$B:$G,6,FALSE) -> 1 | I38: =G38*H38 -> 1 | J38: =VLOOKUP(E38,Sheet2!$B:$I,8,FALSE) -> 992 | K38: {=_xlfn.IFS(D38="白",ROUND(100000/J38,0),D38="绿",ROUND(300000/J38,0),D38="蓝",ROUND(1000000/J38,0),D38="紫",ROUND(3000000/J38,0),D38="金",ROUND(10000000/J38,0),D38="红",ROUND(30000000/J38,0))} -> 101 | L38: =IF(VLOOKUP(E38,Sheet2!$B:$V,21,FALSE)=1,K38,ROUND(K38/2,0)) -> 51 | M38: {=K38/VLOOKUP(C38,$R$1:$X$34,_xlfn.IFS(D38=S$1,2,D38=T$1,3,D38=U$1,4,D38=V$1,5,D38=W$1,6,D38=X$1,7),FALSE)} -> 0.027535442 | N38: =J38*M38 -> 27.315158 | R38: 小保险箱 | S38: =SUMIFS($N:$N,$C:$C,$R38,$D:$D,S$1) -> 999.9188 | T38: =SUMIFS($N:$N,$C:$C,$R38,$D:$D,T$1) -> 4052.3064 | U38: =SUMIFS($N:$N,$C:$C,$R38,$D:$D,U$1) -> 13548.313 | V38: =SUMIFS($N:$N,$C:$C,$R38,$D:$D,V$1) -> 47987.579 | W38: =SUMIFS($N:$N,$C:$C,$R38,$D:$D,W$1) -> 154434.47 | X38: =SUMIFS($N:$N,$C:$C,$R38,$D:$D,X$1) -> 639305.69 | Z38: {=SUMPRODUCT(S38:X38,S71:X71)} -> 70322.025 | AA38: 5.5
A39: 37 | B39: 1级容器 | C39: 陶罐1 | D39: 白 | E39: 星辰之牌 | F39: =K39 -> 99 | G39: =VLOOKUP(E39,Sheet2!$B:$G,5,FALSE) -> 1 | H39: =VLOOKUP(E39,Sheet2!$B:$G,6,FALSE) -> 1 | I39: =G39*H39 -> 1 | J39: =VLOOKUP(E39,Sheet2!$B:$I,8,FALSE) -> 1010 | K39: {=_xlfn.IFS(D39="白",ROUND(100000/J39,0),D39="绿",ROUND(300000/J39,0),D39="蓝",ROUND(1000000/J39,0),D39="紫",ROUND(3000000/J39,0),D39="金",ROUND(10000000/J39,0),D39="红",ROUND(30000000/J39,0))} -> 99 | L39: =IF(VLOOKUP(E39,Sheet2!$B:$V,21,FALSE)=1,K39,ROUND(K39/2,0)) -> 50 | M39: {=K39/VLOOKUP(C39,$R$1:$X$34,_xlfn.IFS(D39=S$1,2,D39=T$1,3,D39=U$1,4,D39=V$1,5,D39=W$1,6,D39=X$1,7),FALSE)} -> 0.026990185 | N39: =J39*M39 -> 27.260087 | R39: 魔法仪器 | S39: =SUMIFS($N:$N,$C:$C,$R39,$D:$D,S$1) -> 1318.4737 | T39: =SUMIFS($N:$N,$C:$C,$R39,$D:$D,T$1) -> 4441.7376 | U39: =SUMIFS($N:$N,$C:$C,$R39,$D:$D,U$1) -> 14790.847 | V39: =SUMIFS($N:$N,$C:$C,$R39,$D:$D,V$1) -> 36618.377 | W39: =SUMIFS($N:$N,$C:$C,$R39,$D:$D,W$1) -> 131646.4 | X39: =SUMIFS($N:$N,$C:$C,$R39,$D:$D,X$1) -> 408191.31 | Z39: {=SUMPRODUCT(S39:X39,S72:X72)} -> 73423.13 | AA39: 0
A40: 38 | B40: 1级容器 | C40: 陶罐1 | D40: 白 | E40: 月亮之牌 | F40: =K40 -> 99 | G40: =VLOOKUP(E40,Sheet2!$B:$G,5,FALSE) -> 1 | H40: =VLOOKUP(E40,Sheet2!$B:$G,6,FALSE) -> 1 | I40: =G40*H40 -> 1 | J40: =VLOOKUP(E40,Sheet2!$B:$I,8,FALSE) -> 1008 | K40: {=_xlfn.IFS(D40="白",ROUND(100000/J40,0),D40="绿",ROUND(300000/J40,0),D40="蓝",ROUND(1000000/J40,0),D40="紫",ROUND(3000000/J40,0),D40="金",ROUND(10000000/J40,0),D40="红",ROUND(30000000/J40,0))} -> 99 | L40: =IF(VLOOKUP(E40,Sheet2!$B:$V,21,FALSE)=1,K40,ROUND(K40/2,0)) -> 50 | M40: {=K40/VLOOKUP(C40,$R$1:$X$34,_xlfn.IFS(D40=S$1,2,D40=T$1,3,D40=U$1,4,D40=V$1,5,D40=W$1,6,D40=X$1,7),FALSE)} -> 0.026990185 | N40: =J40*M40 -> 27.206107 | R40: 高级储物箱 | S40: =SUMIFS($N:$N,$C:$C,$R40,$D:$D,S$1) -> 1380.6089 | T40: =SUMIFS($N:$N,$C:$C,$R40,$D:$D,T$1) -> 4480.311 | U40: =SUMIFS($N:$N,$C:$C,$R40,$D:$D,U$1) -> 14646.155 | V40: =SUMIFS($N:$N,$C:$C,$R40,$D:$D,V$1) -> 49248.998 | W40: =SUMIFS($N:$N,$C:$C,$R40,$D:$D,W$1) -> 164341.58 | X40: =SUMIFS($N:$N,$C:$C,$R40,$D:$D,X$1) -> 667238.65 | Z40: {=SUMPRODUCT(S40:X40,S73:X73)} -> 36359.456 | AA40: 8.5
A41: 39 | B41: 1级容器 | C41: 陶罐1 | D41: 白 | E41: 太阳之牌 | F41: =K41 -> 100 | G41: =VLOOKUP(E41,Sheet2!$B:$G,5,FALSE) -> 1 | H41: =VLOOKUP(E41,Sheet2!$B:$G,6,FALSE) -> 1 | I41: =G41*H41 -> 1 | J41: =VLOOKUP(E41,Sheet2!$B:$I,8,FALSE) -> 999 | K41: {=_xlfn.IFS(D41="白",ROUND(100000/J41,0),D41="绿",ROUND(300000/J41,0),D41="蓝",ROUND(1000000/J41,0),D41="紫",ROUND(3000000/J41,0),D41="金",ROUND(10000000/J41,0),D41="红",ROUND(30000000/J41,0))} -> 100 | L41: =IF(VLOOKUP(E41,Sheet2!$B:$V,21,FALSE)=1,K41,ROUND(K41/2,0)) -> 50 | M41: {=K41/VLOOKUP(C41,$R$1:$X$34,_xlfn.IFS(D41=S$1,2,D41=T$1,3,D41=U$1,4,D41=V$1,5,D41=W$1,6,D41=X$1,7),FALSE)} -> 0.027262814 | N41: =J41*M41 -> 27.235551 | R41: 高级旅行包 | S41: =SUMIFS($N:$N,$C:$C,$R41,$D:$D,S$1) -> 1105.5236 | T41: =SUMIFS($N:$N,$C:$C,$R41,$D:$D,T$1) -> 4590.6089 | U41: =SUMIFS($N:$N,$C:$C,$R41,$D:$D,U$1) -> 12005.858 | V41: =SUMIFS($N:$N,$C:$C,$R41,$D:$D,V$1) -> 40654.834 | W41: =SUMIFS($N:$N,$C:$C,$R41,$D:$D,W$1) -> 134091.47 | X41: =SUMIFS($N:$N,$C:$C,$R41,$D:$D,X$1) -> 549293.13 | Z41: {=SUMPRODUCT(S41:X41,S74:X74)} -> 32715.968 | AA41: 0
A42: 40 | B42: 1级容器 | C42: 陶罐1 | D42: 白 | E42: 审判之牌 | F42: =K42 -> 100 | G42: =VLOOKUP(E42,Sheet2!$B:$G,5,FALSE) -> 1 | H42: =VLOOKUP(E42,Sheet2!$B:$G,6,FALSE) -> 1 | I42: =G42*H42 -> 1 | J42: =VLOOKUP(E42,Sheet2!$B:$I,8,FALSE) -> 1004 | K42: {=_xlfn.IFS(D42="白",ROUND(100000/J42,0),D42="绿",ROUND(300000/J42,0),D42="蓝",ROUND(1000000/J42,0),D42="紫",ROUND(3000000/J42,0),D42="金",ROUND(10000000/J42,0),D42="红",ROUND(30000000/J42,0))} -> 100 | L42: =IF(VLOOKUP(E42,Sheet2!$B:$V,21,FALSE)=1,K42,ROUND(K42/2,0)) -> 50 | M42: {=K42/VLOOKUP(C42,$R$1:$X$34,_xlfn.IFS(D42=S$1,2,D42=T$1,3,D42=U$1,4,D42=V$1,5,D42=W$1,6,D42=X$1,7),FALSE)} -> 0.027262814 | N42: =J42*M42 -> 27.371865 | R42: 魔法材料柜 | S42: =SUMIFS($N:$N,$C:$C,$R42,$D:$D,S$1) -> 990 | T42: =SUMIFS($N:$N,$C:$C,$R42,$D:$D,T$1) -> 3124.3724 | U42: =SUMIFS($N:$N,$C:$C,$R42,$D:$D,U$1) -> 14581.847 | V42: =SUMIFS($N:$N,$C:$C,$R42,$D:$D,V$1) -> 59763.372 | W42: =SUMIFS($N:$N,$C:$C,$R42,$D:$D,W$1) -> 241739.81 | X42: =SUMIFS($N:$N,$C:$C,$R42,$D:$D,X$1) -> 1008956.7 | Z42: {=SUMPRODUCT(S42:X42,S75:X75)} -> 43134.062 | AA42: 0
A43: 41 | B43: 1级容器 | C43: 陶罐1 | D43: 白 | E43: 世界之牌 | F43: =K43 -> 99 | G43: =VLOOKUP(E43,Sheet2!$B:$G,5,FALSE) -> 1 | H43: =VLOOKUP(E43,Sheet2!$B:$G,6,FALSE) -> 1 | I43: =G43*H43 -> 1 | J43: =VLOOKUP(E43,Sheet2!$B:$I,8,FALSE) -> 1007 | K43: {=_xlfn.IFS(D43="白",ROUND(100000/J43,0),D43="绿",ROUND(300000/J43,0),D43="蓝",ROUND(1000000/J43,0),D43="紫",ROUND(3000000/J43,0),D43="金",ROUND(10000000/J43,0),D43="红",ROUND(30000000/J43,0))} -> 99 | L43: =IF(VLOOKUP(E43,Sheet2!$B:$V,21,FALSE)=1,K43,ROUND(K43/2,0)) -> 50 | M43: {=K43/VLOOKUP(C43,$R$1:$X$34,_xlfn.IFS(D43=S$1,2,D43=T$1,3,D43=U$1,4,D43=V$1,5,D43=W$1,6,D43=X$1,7),FALSE)} -> 0.026990185 | N43: =J43*M43 -> 27.179117 | R43: 魔晶核箱 | S43: =SUMIFS($N:$N,$C:$C,$R43,$D:$D,S$1) -> 6986.94 | T43: =SUMIFS($N:$N,$C:$C,$R43,$D:$D,T$1) -> 3947.703 | U43: =SUMIFS($N:$N,$C:$C,$R43,$D:$D,U$1) -> 6609.204 | V43: =SUMIFS($N:$N,$C:$C,$R43,$D:$D,V$1) -> 17748.147 | W43: =SUMIFS($N:$N,$C:$C,$R43,$D:$D,W$1) -> 59106.138 | X43: =SUMIFS($N:$N,$C:$C,$R43,$D:$D,X$1) -> 177446.07 | Z43: {=SUMPRODUCT(S43:X43,S76:X76)} -> 20433.506 | AA43: 0
A44: 42 | B44: 1级容器 | C44: 陶罐1 | D44: 绿 | E44: 草本药液 | F44: =K44 -> 101 | G44: =VLOOKUP(E44,Sheet2!$B:$G,5,FALSE) -> 1 | H44: =VLOOKUP(E44,Sheet2!$B:$G,6,FALSE) -> 1 | I44: =G44*H44 -> 1 | J44: =VLOOKUP(E44,Sheet2!$B:$I,8,FALSE) -> 2972 | K44: {=_xlfn.IFS(D44="白",ROUND(100000/J44,0),D44="绿",ROUND(300000/J44,0),D44="蓝",ROUND(1000000/J44,0),D44="紫",ROUND(3000000/J44,0),D44="金",ROUND(10000000/J44,0),D44="红",ROUND(30000000/J44,0))} -> 101 | L44: =IF(VLOOKUP(E44,Sheet2!$B:$V,21,FALSE)=1,K44,ROUND(K44/2,0)) -> 51 | M44: {=K44/VLOOKUP(C44,$R$1:$X$34,_xlfn.IFS(D44=S$1,2,D44=T$1,3,D44=U$1,4,D44=V$1,5,D44=W$1,6,D44=X$1,7),FALSE)} -> 0.025287932 | N44: =J44*M44 -> 75.155734 | R44: 医疗箱 | S44: =SUMIFS($N:$N,$C:$C,$R44,$D:$D,S$1) -> 1079.5771 | T44: =SUMIFS($N:$N,$C:$C,$R44,$D:$D,T$1) -> 3105.9667 | U44: =SUMIFS($N:$N,$C:$C,$R44,$D:$D,U$1) -> 12113.773 | V44: =SUMIFS($N:$N,$C:$C,$R44,$D:$D,V$1) -> 40713.671 | W44: =SUMIFS($N:$N,$C:$C,$R44,$D:$D,W$1) -> 178310.1 | X44: =SUMIFS($N:$N,$C:$C,$R44,$D:$D,X$1) -> 1492093.1 | Z44: {=SUMPRODUCT(S44:X44,S77:X77)} -> 35508.986 | AA44: 0
A45: 43 | B45: 1级容器 | C45: 陶罐1 | D45: 绿 | E45: 迅影兔腿 | F45: =K45 -> 100 | G45: =VLOOKUP(E45,Sheet2!$B:$G,5,FALSE) -> 1 | H45: =VLOOKUP(E45,Sheet2!$B:$G,6,FALSE) -> 1 | I45: =G45*H45 -> 1 | J45: =VLOOKUP(E45,Sheet2!$B:$I,8,FALSE) -> 3011 | K45: {=_xlfn.IFS(D45="白",ROUND(100000/J45,0),D45="绿",ROUND(300000/J45,0),D45="蓝",ROUND(1000000/J45,0),D45="紫",ROUND(3000000/J45,0),D45="金",ROUND(10000000/J45,0),D45="红",ROUND(30000000/J45,0))} -> 100 | L45: =IF(VLOOKUP(E45,Sheet2!$B:$V,21,FALSE)=1,K45,ROUND(K45/2,0)) -> 50 | M45: {=K45/VLOOKUP(C45,$R$1:$X$34,_xlfn.IFS(D45=S$1,2,D45=T$1,3,D45=U$1,4,D45=V$1,5,D45=W$1,6,D45=X$1,7),FALSE)} -> 0.025037556 | N45: =J45*M45 -> 75.388082 | R45: 手提箱 | S45: =SUMIFS($N:$N,$C:$C,$R45,$D:$D,S$1) -> 1105.5236 | T45: =SUMIFS($N:$N,$C:$C,$R45,$D:$D,T$1) -> 4590.6089 | U45: =SUMIFS($N:$N,$C:$C,$R45,$D:$D,U$1) -> 12005.858 | V45: =SUMIFS($N:$N,$C:$C,$R45,$D:$D,V$1) -> 40654.834 | W45: =SUMIFS($N:$N,$C:$C,$R45,$D:$D,W$1) -> 134091.47 | X45: =SUMIFS($N:$N,$C:$C,$R45,$D:$D,X$1) -> 549293.13 | Z45: {=SUMPRODUCT(S45:X45,S78:X78)} -> 19098.92 | AA45: 0
A46: 44 | B46: 1级容器 | C46: 陶罐1 | D46: 绿 | E46: 巨龟甲壳 | F46: =K46 -> 101 | G46: =VLOOKUP(E46,Sheet2!$B:$G,5,FALSE) -> 1 | H46: =VLOOKUP(E46,Sheet2!$B:$G,6,FALSE) -> 1 | I46: =G46*H46 -> 1 | J46: =VLOOKUP(E46,Sheet2!$B:$I,8,FALSE) -> 2971 | K46: {=_xlfn.IFS(D46="白",ROUND(100000/J46,0),D46="绿",ROUND(300000/J46,0),D46="蓝",ROUND(1000000/J46,0),D46="紫",ROUND(3000000/J46,0),D46="金",ROUND(10000000/J46,0),D46="红",ROUND(30000000/J46,0))} -> 101 | L46: =IF(VLOOKUP(E46,Sheet2!$B:$V,21,FALSE)=1,K46,ROUND(K46/2,0)) -> 51 | M46: {=K46/VLOOKUP(C46,$R$1:$X$34,_xlfn.IFS(D46=S$1,2,D46=T$1,3,D46=U$1,4,D46=V$1,5,D46=W$1,6,D46=X$1,7),FALSE)} -> 0.025287932 | N46: =J46*M46 -> 75.130446 | R46: 武器箱 | S46: =SUMIFS($N:$N,$C:$C,$R46,$D:$D,S$1) -> 6986.94 | T46: =SUMIFS($N:$N,$C:$C,$R46,$D:$D,T$1) -> 3947.703 | U46: =SUMIFS($N:$N,$C:$C,$R46,$D:$D,U$1) -> 6609.204 | V46: =SUMIFS($N:$N,$C:$C,$R46,$D:$D,V$1) -> 17748.147 | W46: =SUMIFS($N:$N,$C:$C,$R46,$D:$D,W$1) -> 59106.138 | X46: =SUMIFS($N:$N,$C:$C,$R46,$D:$D,X$1) -> 177446.07 | Z46: {=SUMPRODUCT(S46:X46,S79:X79)} -> 14457.815 | AA46: 11.5
A47: 45 | B47: 1级容器 | C47: 陶罐1 | D47: 绿 | E47: 幽冥狼牙 | F47: =K47 -> 100 | G47: =VLOOKUP(E47,Sheet2!$B:$G,5,FALSE) -> 1 | H47: =VLOOKUP(E47,Sheet2!$B:$G,6,FALSE) -> 1 | I47: =G47*H47 -> 1 | J47: =VLOOKUP(E47,Sheet2!$B:$I,8,FALSE) -> 2995 | K47: {=_xlfn.IFS(D47="白",ROUND(100000/J47,0),D47="绿",ROUND(300000/J47,0),D47="蓝",ROUND(1000000/J47,0),D47="紫",ROUND(3000000/J47,0),D47="金",ROUND(10000000/J47,0),D47="红",ROUND(30000000/J47,0))} -> 100 | L47: =IF(VLOOKUP(E47,Sheet2!$B:$V,21,FALSE)=1,K47,ROUND(K47/2,0)) -> 50 | M47: {=K47/VLOOKUP(C47,$R$1:$X$34,_xlfn.IFS(D47=S$1,2,D47=T$1,3,D47=U$1,4,D47=V$1,5,D47=W$1,6,D47=X$1,7),FALSE)} -> 0.025037556 | N47: =J47*M47 -> 74.987481 | R47: 魔晶核包 | S47: =SUMIFS($N:$N,$C:$C,$R47,$D:$D,S$1) -> 0 | T47: =SUMIFS($N:$N,$C:$C,$R47,$D:$D,T$1) -> 3001.4425 | U47: =SUMIFS($N:$N,$C:$C,$R47,$D:$D,U$1) -> 5007.3243 | V47: =SUMIFS($N:$N,$C:$C,$R47,$D:$D,V$1) -> 14999.681 | W47: =SUMIFS($N:$N,$C:$C,$R47,$D:$D,W$1) -> 49946.616 | X47: =SUMIFS($N:$N,$C:$C,$R47,$D:$D,X$1) -> 150076.83 | Z47: {=SUMPRODUCT(S47:X47,S80:X80)} -> 12486.874 | AA47: 12
A48: 46 | B48: 1级容器 | C48: 陶罐1 | D48: 绿 | E48: 岩犀甲皮屑 | F48: =K48 -> 101 | G48: =VLOOKUP(E48,Sheet2!$B:$G,5,FALSE) -> 1 | H48: =VLOOKUP(E48,Sheet2!$B:$G,6,FALSE) -> 1 | I48: =G48*H48 -> 1 | J48: =VLOOKUP(E48,Sheet2!$B:$I,8,FALSE) -> 2975 | K48: {=_xlfn.IFS(D48="白",ROUND(100000/J48,0),D48="绿",ROUND(300000/J48,0),D48="蓝",ROUND(1000000/J48,0),D48="紫",ROUND(3000000/J48,0),D48="金",ROUND(10000000/J48,0),D48="红",ROUND(30000000/J48,0))} -> 101 | L48: =IF(VLOOKUP(E48,Sheet2!$B:$V,21,FALSE)=1,K48,ROUND(K48/2,0)) -> 51 | M48: {=K48/VLOOKUP(C48,$R$1:$X$34,_xlfn.IFS(D48=S$1,2,D48=T$1,3,D48=U$1,4,D48=V$1,5,D48=W$1,6,D48=X$1,7),FALSE)} -> 0.025287932 | N48: =J48*M48 -> 75.231597 | R48: 医疗包 | S48: =SUMIFS($N:$N,$C:$C,$R48,$D:$D,S$1) -> 1079.5771 | T48: =SUMIFS($N:$N,$C:$C,$R48,$D:$D,T$1) -> 3105.9667 | U48: =SUMIFS($N:$N,$C:$C,$R48,$D:$D,U$1) -> 12113.773 | V48: =SUMIFS($N:$N,$C:$C,$R48,$D:$D,V$1) -> 40713.671 | W48: =SUMIFS($N:$N,$C:$C,$R48,$D:$D,W$1) -> 178310.1 | X48: =SUMIFS($N:$N,$C:$C,$R48,$D:$D,X$1) -> 1492093.1 | Z48: {=SUMPRODUCT(S48:X48,S81:X81)} -> 17478.975 | AA48: 5
... A68: 66 | B68: 1级容器 | C68: 陶罐1 | D68: 绿 | E68: 低级能量瓶 | F68: =K68 -> 52 | G68: =VLOOKUP(E68,Sheet2!$B:$G,5,FALSE) -> 1 | H68: =VLOOKUP(E68,Sheet2!$B:$G,6,FALSE) -> 2 | I68: =G68*H68 -> 2 | J68: =VLOOKUP(E68,Sheet2!$B:$I,8,FALSE) -> 5795 | K68: {=_xlfn.IFS(D68="白",ROUND(100000/J68,0),D68="绿",ROUND(300000/J68,0),D68="蓝",ROUND(1000000/J68,0),D68="紫",ROUND(3000000/J68,0),D68="金",ROUND(10000000/J68,0),D68="红",ROUND(30000000/J68,0))} -> 52 | L68: =IF(VLOOKUP(E68,Sheet2!$B:$V,21,FALSE)=1,K68,ROUND(K68/2,0)) -> 26 | M68: {=K68/VLOOKUP(C68,$R$1:$X$34,_xlfn.IFS(D68=S$1,2,D68=T$1,3,D68=U$1,4,D68=V$1,5,D68=W$1,6,D68=X$1,7),FALSE)} -> 0.013019529 | N68: =J68*M68 -> 75.448172 | R68: 陶罐6 | S68: =SUMIFS($N:$N,$C:$C,$R68,$D:$D,S$1) -> 1334.9451 | T68: =SUMIFS($N:$N,$C:$C,$R68,$D:$D,T$1) -> 3845.841 | U68: =SUMIFS($N:$N,$C:$C,$R68,$D:$D,U$1) -> 13782.174 | V68: =SUMIFS($N:$N,$C:$C,$R68,$D:$D,V$1) -> 47211.62 | W68: =SUMIFS($N:$N,$C:$C,$R68,$D:$D,W$1) -> 166960.5 | X68: =SUMIFS($N:$N,$C:$C,$R68,$D:$D,X$1) -> 747824.97 | Z68: {=SUMPRODUCT(S68:X68,S101:X101)} -> 9051.2608 | AA68: 2
A69: 67 | B69: 1级容器 | C69: 陶罐1 | D69: 绿 | E69: 材料包 | F69: =K69 -> 51 | G69: =VLOOKUP(E69,Sheet2!$B:$G,5,FALSE) -> 2 | H69: =VLOOKUP(E69,Sheet2!$B:$G,6,FALSE) -> 1 | I69: =G69*H69 -> 2 | J69: =VLOOKUP(E69,Sheet2!$B:$I,8,FALSE) -> 5832 | K69: {=_xlfn.IFS(D69="白",ROUND(100000/J69,0),D69="绿",ROUND(300000/J69,0),D69="蓝",ROUND(1000000/J69,0),D69="紫",ROUND(3000000/J69,0),D69="金",ROUND(10000000/J69,0),D69="红",ROUND(30000000/J69,0))} -> 51 | L69: =IF(VLOOKUP(E69,Sheet2!$B:$V,21,FALSE)=1,K69,ROUND(K69/2,0)) -> 26 | M69: {=K69/VLOOKUP(C69,$R$1:$X$34,_xlfn.IFS(D69=S$1,2,D69=T$1,3,D69=U$1,4,D69=V$1,5,D69=W$1,6,D69=X$1,7),FALSE)} -> 0.012769154 | N69: =J69*M69 -> 74.469705
A70: 68 | B70: 1级容器 | C70: 陶罐1 | D70: 绿 | E70: 熟铁盔壳 | F70: =K70 -> 52 | G70: =VLOOKUP(E70,Sheet2!$B:$G,5,FALSE) -> 2 | H70: =VLOOKUP(E70,Sheet2!$B:$G,6,FALSE) -> 1 | I70: =G70*H70 -> 2 | J70: =VLOOKUP(E70,Sheet2!$B:$I,8,FALSE) -> 5812 | K70: {=_xlfn.IFS(D70="白",ROUND(100000/J70,0),D70="绿",ROUND(300000/J70,0),D70="蓝",ROUND(1000000/J70,0),D70="紫",ROUND(3000000/J70,0),D70="金",ROUND(10000000/J70,0),D70="红",ROUND(30000000/J70,0))} -> 52 | L70: =IF(VLOOKUP(E70,Sheet2!$B:$V,21,FALSE)=1,K70,ROUND(K70/2,0)) -> 26 | M70: {=K70/VLOOKUP(C70,$R$1:$X$34,_xlfn.IFS(D70=S$1,2,D70=T$1,3,D70=U$1,4,D70=V$1,5,D70=W$1,6,D70=X$1,7),FALSE)} -> 0.013019529 | N70: =J70*M70 -> 75.669504 | R70: 保险柜 | S70: 0 | T70: 0.136 | U70: 0.4264 | V70: 1.04038 | W70: 0.3596 | X70: 0.03762
A71: 69 | B71: 1级容器 | C71: 陶罐1 | D71: 绿 | E71: 裁布剪 | F71: =K71 -> 99 | G71: =VLOOKUP(E71,Sheet2!$B:$G,5,FALSE) -> 1 | H71: =VLOOKUP(E71,Sheet2!$B:$G,6,FALSE) -> 1 | I71: =G71*H71 -> 1 | J71: =VLOOKUP(E71,Sheet2!$B:$I,8,FALSE) -> 3020 | K71: {=_xlfn.IFS(D71="白",ROUND(100000/J71,0),D71="绿",ROUND(300000/J71,0),D71="蓝",ROUND(1000000/J71,0),D71="紫",ROUND(3000000/J71,0),D71="金",ROUND(10000000/J71,0),D71="红",ROUND(30000000/J71,0))} -> 99 | L71: =IF(VLOOKUP(E71,Sheet2!$B:$V,21,FALSE)=1,K71,ROUND(K71/2,0)) -> 50 | M71: {=K71/VLOOKUP(C71,$R$1:$X$34,_xlfn.IFS(D71=S$1,2,D71=T$1,3,D71=U$1,4,D71=V$1,5,D71=W$1,6,D71=X$1,7),FALSE)} -> 0.024787181 | N71: =J71*M71 -> 74.857286 | R71: 小保险箱 | S71: 0.0544 | T71: 0.4136 | U71: 0.806 | V71: 0.56762 | W71: 0.14606 | X71: 0.01232
A72: 70 | B72: 1级容器 | C72: 陶罐1 | D72: 绿 | E72: 熟铁镶框 | F72: =K72 -> 52 | G72: =VLOOKUP(E72,Sheet2!$B:$G,5,FALSE) -> 2 | H72: =VLOOKUP(E72,Sheet2!$B:$G,6,FALSE) -> 1 | I72: =G72*H72 -> 2 | J72: =VLOOKUP(E72,Sheet2!$B:$I,8,FALSE) -> 5806 | K72: {=_xlfn.IFS(D72="白",ROUND(100000/J72,0),D72="绿",ROUND(300000/J72,0),D72="蓝",ROUND(1000000/J72,0),D72="紫",ROUND(3000000/J72,0),D72="金",ROUND(10000000/J72,0),D72="红",ROUND(30000000/J72,0))} -> 52 | L72: =IF(VLOOKUP(E72,Sheet2!$B:$V,21,FALSE)=1,K72,ROUND(K72/2,0)) -> 26 | M72: {=K72/VLOOKUP(C72,$R$1:$X$34,_xlfn.IFS(D72=S$1,2,D72=T$1,3,D72=U$1,4,D72=V$1,5,D72=W$1,6,D72=X$1,7),FALSE)} -> 0.013019529 | N72: =J72*M72 -> 75.591387 | R72: 魔法仪器 | S72: 0 | T72: 0 | U72: 0 | V72: 0.7 | W72: 0.27 | X72: 0.03
A73: 71 | B73: 1级容器 | C73: 陶罐1 | D73: 绿 | E73: 熟铁甲板 | F73: =K73 -> 27 | G73: =VLOOKUP(E73,Sheet2!$B:$G,5,FALSE) -> 2 | H73: =VLOOKUP(E73,Sheet2!$B:$G,6,FALSE) -> 2 | I73: =G73*H73 -> 4 | J73: =VLOOKUP(E73,Sheet2!$B:$I,8,FALSE) -> 10956 | K73: {=_xlfn.IFS(D73="白",ROUND(100000/J73,0),D73="绿",ROUND(300000/J73,0),D73="蓝",ROUND(1000000/J73,0),D73="紫",ROUND(3000000/J73,0),D73="金",ROUND(10000000/J73,0),D73="红",ROUND(30000000/J73,0))} -> 27 | L73: =IF(VLOOKUP(E73,Sheet2!$B:$V,21,FALSE)=1,K73,ROUND(K73/2,0)) -> 14 | M73: {=K73/VLOOKUP(C73,$R$1:$X$34,_xlfn.IFS(D73=S$1,2,D73=T$1,3,D73=U$1,4,D73=V$1,5,D73=W$1,6,D73=X$1,7),FALSE)} -> 0.0067601402 | N73: =J73*M73 -> 74.064096 | R73: 高级储物箱 | S73: 0.2416 | T73: 0.8264 | U73: 0.649 | V73: 0.222278 | W73: 0.05696 | X73: 0.003762
A74: 72 | B74: 1级容器 | C74: 陶罐1 | D74: 绿 | E74: 铁矿 | F74: =K74 -> 100 | G74: =VLOOKUP(E74,Sheet2!$B:$G,5,FALSE) -> 1 | H74: =VLOOKUP(E74,Sheet2!$B:$G,6,FALSE) -> 1 | I74: =G74*H74 -> 1 | J74: =VLOOKUP(E74,Sheet2!$B:$I,8,FALSE) -> 3007 | K74: {=_xlfn.IFS(D74="白",ROUND(100000/J74,0),D74="绿",ROUND(300000/J74,0),D74="蓝",ROUND(1000000/J74,0),D74="紫",ROUND(3000000/J74,0),D74="金",ROUND(10000000/J74,0),D74="红",ROUND(30000000/J74,0))} -> 100 | L74: =IF(VLOOKUP(E74,Sheet2!$B:$V,21,FALSE)=1,K74,ROUND(K74/2,0)) -> 50 | M74: {=K74/VLOOKUP(C74,$R$1:$X$34,_xlfn.IFS(D74=S$1,2,D74=T$1,3,D74=U$1,4,D74=V$1,5,D74=W$1,6,D74=X$1,7),FALSE)} -> 0.025037556 | N74: =J74*M74 -> 75.287932 | R74: 高级旅行包 | S74: 0.5416 | T74: 0.9764 | U74: 0.684 | V74: 0.236728 | W74: 0.05746 | X74: 0.003812
A75: 73 | B75: 1级容器 | C75: 陶罐1 | D75: 绿 | E75: 残痕矿坯 | F75: =K75 -> 52 | G75: =VLOOKUP(E75,Sheet2!$B:$G,5,FALSE) -> 2 | H75: =VLOOKUP(E75,Sheet2!$B:$G,6,FALSE) -> 1 | I75: =G75*H75 -> 2 | J75: =VLOOKUP(E75,Sheet2!$B:$I,8,FALSE) -> 5785 | K75: {=_xlfn.IFS(D75="白",ROUND(100000/J75,0),D75="绿",ROUND(300000/J75,0),D75="蓝",ROUND(1000000/J75,0),D75="紫",ROUND(3000000/J75,0),D75="金",ROUND(10000000/J75,0),D75="红",ROUND(30000000/J75,0))} -> 52 | L75: =IF(VLOOKUP(E75,Sheet2!$B:$V,21,FALSE)=1,K75,ROUND(K75/2,0)) -> 26 | M75: {=K75/VLOOKUP(C75,$R$1:$X$34,_xlfn.IFS(D75=S$1,2,D75=T$1,3,D75=U$1,4,D75=V$1,5,D75=W$1,6,D75=X$1,7),FALSE)} -> 0.013019529 | N75: =J75*M75 -> 75.317977 | R75: 魔法材料柜 | S75: 0.2416 | T75: 0.8264 | U75: 0.649 | V75: 0.222278 | W75: 0.05696 | X75: 0.003762
A76: 74 | B76: 1级容器 | C76: 陶罐1 | D76: 绿 | E76: 岩纹原岩料 | F76: =K76 -> 100 | G76: =VLOOKUP(E76,Sheet2!$B:$G,5,FALSE) -> 1 | H76: =VLOOKUP(E76,Sheet2!$B:$G,6,FALSE) -> 1 | I76: =G76*H76 -> 1 | J76: =VLOOKUP(E76,Sheet2!$B:$I,8,FALSE) -> 3014 | K76: {=_xlfn.IFS(D76="白",ROUND(100000/J76,0),D76="绿",ROUND(300000/J76,0),D76="蓝",ROUND(1000000/J76,0),D76="紫",ROUND(3000000/J76,0),D76="金",ROUND(10000000/J76,0),D76="红",ROUND(30000000/J76,0))} -> 100 | L76: =IF(VLOOKUP(E76,Sheet2!$B:$V,21,FALSE)=1,K76,ROUND(K76/2,0)) -> 50 | M76: {=K76/VLOOKUP(C76,$R$1:$X$34,_xlfn.IFS(D76=S$1,2,D76=T$1,3,D76=U$1,4,D76=V$1,5,D76=W$1,6,D76=X$1,7),FALSE)} -> 0.025037556 | N76: =J76*M76 -> 75.463195 | R76: 魔晶核箱 | S76: 0.5416 | T76: 0.9764 | U76: 0.684 | V76: 0.236728 | W76: 0.05746 | X76: 0.003812
A77: 75 | B77: 1级容器 | C77: 陶罐1 | D77: 绿 | E77: 高原锰石 | F77: =K77 -> 100 | G77: =VLOOKUP(E77,Sheet2!$B:$G,5,FALSE) -> 1 | H77: =VLOOKUP(E77,Sheet2!$B:$G,6,FALSE) -> 1 | I77: =G77*H77 -> 1 | J77: =VLOOKUP(E77,Sheet2!$B:$I,8,FALSE) -> 2991 | K77: {=_xlfn.IFS(D77="白",ROUND(100000/J77,0),D77="绿",ROUND(300000/J77,0),D77="蓝",ROUND(1000000/J77,0),D77="紫",ROUND(3000000/J77,0),D77="金",ROUND(10000000/J77,0),D77="红",ROUND(30000000/J77,0))} -> 100 | L77: =IF(VLOOKUP(E77,Sheet2!$B:$V,21,FALSE)=1,K77,ROUND(K77/2,0)) -> 50 | M77: {=K77/VLOOKUP(C77,$R$1:$X$34,_xlfn.IFS(D77=S$1,2,D77=T$1,3,D77=U$1,4,D77=V$1,5,D77=W$1,6,D77=X$1,7),FALSE)} -> 0.025037556 | N77: =J77*M77 -> 74.887331 | R77: 医疗箱 | S77: 0.2416 | T77: 0.8264 | U77: 0.649 | V77: 0.222278 | W77: 0.05696 | X77: 0.003762
A78: 76 | B78: 1级容器 | C78: 陶罐1 | D78: 绿 | E78: 赤纹铜矿 | F78: =K78 -> 101 | G78: =VLOOKUP(E78,Sheet2!$B:$G,5,FALSE) -> 1 | H78: =VLOOKUP(E78,Sheet2!$B:$G,6,FALSE) -> 1 | I78: =G78*H78 -> 1 | J78: =VLOOKUP(E78,Sheet2!$B:$I,8,FALSE) -> 2971 | K78: {=_xlfn.IFS(D78="白",ROUND(100000/J78,0),D78="绿",ROUND(300000/J78,0),D78="蓝",ROUND(1000000/J78,0),D78="紫",ROUND(3000000/J78,0),D78="金",ROUND(10000000/J78,0),D78="红",ROUND(30000000/J78,0))} -> 101 | L78: =IF(VLOOKUP(E78,Sheet2!$B:$V,21,FALSE)=1,K78,ROUND(K78/2,0)) -> 51 | M78: {=K78/VLOOKUP(C78,$R$1:$X$34,_xlfn.IFS(D78=S$1,2,D78=T$1,3,D78=U$1,4,D78=V$1,5,D78=W$1,6,D78=X$1,7),FALSE)} -> 0.025287932 | N78: =J78*M78 -> 75.130446 | R78: 手提箱 | S78: 0.928 | T78: 0.956 | U78: 0.4578 | V78: 0.145098 | W78: 0.01182 | X78: 0.001282
A79: 77 | B79: 1级容器 | C79: 陶罐1 | D79: 绿 | E79: 杂纹彩晶 | F79: =K79 -> 100 | G79: =VLOOKUP(E79,Sheet2!$B:$G,5,FALSE) -> 1 | H79: =VLOOKUP(E79,Sheet2!$B:$G,6,FALSE) -> 1 | I79: =G79*H79 -> 1 | J79: =VLOOKUP(E79,Sheet2!$B:$I,8,FALSE) -> 2988 | K79: {=_xlfn.IFS(D79="白",ROUND(100000/J79,0),D79="绿",ROUND(300000/J79,0),D79="蓝",ROUND(1000000/J79,0),D79="紫",ROUND(3000000/J79,0),D79="金",ROUND(10000000/J79,0),D79="红",ROUND(30000000/J79,0))} -> 100 | L79: =IF(VLOOKUP(E79,Sheet2!$B:$V,21,FALSE)=1,K79,ROUND(K79/2,0)) -> 50 | M79: {=K79/VLOOKUP(C79,$R$1:$X$34,_xlfn.IFS(D79=S$1,2,D79=T$1,3,D79=U$1,4,D79=V$1,5,D79=W$1,6,D79=X$1,7),FALSE)} -> 0.025037556 | N79: =J79*M79 -> 74.812218 | R79: 武器箱 | S79: 0.755 | T79: 0.806 | U79: 0.4228 | V79: 0.130648 | W79: 0.01132 | X79: 0.001232
A80: 78 | B80: 1级容器 | C80: 陶罐1 | D80: 绿 | E80: 素纹晶坯 | F80: =K80 -> 99 | G80: =VLOOKUP(E80,Sheet2!$B:$G,5,FALSE) -> 1 | H80: =VLOOKUP(E80,Sheet2!$B:$G,6,FALSE) -> 1 | I80: =G80*H80 -> 1 | J80: =VLOOKUP(E80,Sheet2!$B:$I,8,FALSE) -> 3029 | K80: {=_xlfn.IFS(D80="白",ROUND(100000/J80,0),D80="绿",ROUND(300000/J80,0),D80="蓝",ROUND(1000000/J80,0),D80="紫",ROUND(3000000/J80,0),D80="金",ROUND(10000000/J80,0),D80="红",ROUND(30000000/J80,0))} -> 99 | L80: =IF(VLOOKUP(E80,Sheet2!$B:$V,21,FALSE)=1,K80,ROUND(K80/2,0)) -> 50 | M80: {=K80/VLOOKUP(C80,$R$1:$X$34,_xlfn.IFS(D80=S$1,2,D80=T$1,3,D80=U$1,4,D80=V$1,5,D80=W$1,6,D80=X$1,7),FALSE)} -> 0.024787181 | N80: =J80*M80 -> 75.080371 | R80: 魔晶核包 | S80: 0 | T80: 1.5938095 | U80: 0.66914286 | V80: 0.21920286 | W80: 0.016114286 | X80: 0.0017304762
A81: 79 | B81: 1级容器 | C81: 陶罐1 | D81: 绿 | E81: 手工制作笔记 | F81: =K81 -> 100 | G81: =VLOOKUP(E81,Sheet2!$B:$G,5,FALSE) -> 1 | H81: =VLOOKUP(E81,Sheet2!$B:$G,6,FALSE) -> 1 | I81: =G81*H81 -> 1 | J81: =VLOOKUP(E81,Sheet2!$B:$I,8,FALSE) -> 3015 | K81: {=_xlfn.IFS(D81="白",ROUND(100000/J81,0),D81="绿",ROUND(300000/J81,0),D81="蓝",ROUND(1000000/J81,0),D81="紫",ROUND(3000000/J81,0),D81="金",ROUND(10000000/J81,0),D81="红",ROUND(30000000/J81,0))} -> 100 | L81: =IF(VLOOKUP(E81,Sheet2!$B:$V,21,FALSE)=1,K81,ROUND(K81/2,0)) -> 50 | M81: {=K81/VLOOKUP(C81,$R$1:$X$34,_xlfn.IFS(D81=S$1,2,D81=T$1,3,D81=U$1,4,D81=V$1,5,D81=W$1,6,D81=X$1,7),FALSE)} -> 0.025037556 | N81: =J81*M81 -> 75.488232 | R81: 医疗包 | S81: 0.628 | T81: 0.806 | U81: 0.4228 | V81: 0.130648 | W81: 0.01132 | X81: 0.001232
... A101: 99 | B101: 1级容器 | C101: 陶罐1 | D101: 蓝 | E101: 灵菇萃取液 | F101: =K101 -> 100 | G101: =VLOOKUP(E101,Sheet2!$B:$G,5,FALSE) -> 1 | H101: =VLOOKUP(E101,Sheet2!$B:$G,6,FALSE) -> 1 | I101: =G101*H101 -> 1 | J101: =VLOOKUP(E101,Sheet2!$B:$I,8,FALSE) -> 9970 | K101: {=_xlfn.IFS(D101="白",ROUND(100000/J101,0),D101="绿",ROUND(300000/J101,0),D101="蓝",ROUND(1000000/J101,0),D101="紫",ROUND(3000000/J101,0),D101="金",ROUND(10000000/J101,0),D101="红",ROUND(30000000/J101,0))} -> 100 | L101: =IF(VLOOKUP(E101,Sheet2!$B:$V,21,FALSE)=1,K101,ROUND(K101/2,0)) -> 50 | M101: {=K101/VLOOKUP(C101,$R$1:$X$34,_xlfn.IFS(D101=S$1,2,D101=T$1,3,D101=U$1,4,D101=V$1,5,D101=W$1,6,D101=X$1,7),FALSE)} -> 0.028368794 | N101: =J101*M101 -> 282.83688 | R101: 陶罐6 | S101: 1.2 | T101: 0.6 | U101: 0.14 | V101: 0.0578 | W101: 0.002 | X101: 0.0002
A102: 100 | B102: 1级容器 | C102: 陶罐1 | D102: 蓝 | E102: 铁匠锤 | F102: =K102 -> 52 | G102: =VLOOKUP(E102,Sheet2!$B:$G,5,FALSE) -> 1 | H102: =VLOOKUP(E102,Sheet2!$B:$G,6,FALSE) -> 2 | I102: =G102*H102 -> 2 | J102: =VLOOKUP(E102,Sheet2!$B:$I,8,FALSE) -> 19255 | K102: {=_xlfn.IFS(D102="白",ROUND(100000/J102,0),D102="绿",ROUND(300000/J102,0),D102="蓝",ROUND(1000000/J102,0),D102="紫",ROUND(3000000/J102,0),D102="金",ROUND(10000000/J102,0),D102="红",ROUND(30000000/J102,0))} -> 52 | L102: =IF(VLOOKUP(E102,Sheet2!$B:$V,21,FALSE)=1,K102,ROUND(K102/2,0)) -> 26 | M102: {=K102/VLOOKUP(C102,$R$1:$X$34,_xlfn.IFS(D102=S$1,2,D102=T$1,3,D102=U$1,4,D102=V$1,5,D102=W$1,6,D102=X$1,7),FALSE)} -> 0.014751773 | N102: =J102*M102 -> 284.04539
A103: 101 | B103: 1级容器 | C103: 陶罐1 | D103: 蓝 | E103: 小型熔炉 | F103: =K103 -> 27 | G103: =VLOOKUP(E103,Sheet2!$B:$G,5,FALSE) -> 2 | H103: =VLOOKUP(E103,Sheet2!$B:$G,6,FALSE) -> 2 | I103: =G103*H103 -> 4 | J103: =VLOOKUP(E103,Sheet2!$B:$I,8,FALSE) -> 36575 | K103: {=_xlfn.IFS(D103="白",ROUND(100000/J103,0),D103="绿",ROUND(300000/J103,0),D103="蓝",ROUND(1000000/J103,0),D103="紫",ROUND(3000000/J103,0),D103="金",ROUND(10000000/J103,0),D103="红",ROUND(30000000/J103,0))} -> 27 | L103: =IF(VLOOKUP(E103,Sheet2!$B:$V,21,FALSE)=1,K103,ROUND(K103/2,0)) -> 14 | M103: {=K103/VLOOKUP(C103,$R$1:$X$34,_xlfn.IFS(D103=S$1,2,D103=T$1,3,D103=U$1,4,D103=V$1,5,D103=W$1,6,D103=X$1,7),FALSE)} -> 0.0076595745 | N103: =J103*M103 -> 280.14894
A104: 102 | B104: 1级容器 | C104: 陶罐1 | D104: 蓝 | E104: 符文绘刻笔 | F104: =K104 -> 52 | G104: =VLOOKUP(E104,Sheet2!$B:$G,5,FALSE) -> 1 | H104: =VLOOKUP(E104,Sheet2!$B:$G,6,FALSE) -> 2 | I104: =G104*H104 -> 2 | J104: =VLOOKUP(E104,Sheet2!$B:$I,8,FALSE) -> 19270 | K104: {=_xlfn.IFS(D104="白",ROUND(100000/J104,0),D104="绿",ROUND(300000/J104,0),D104="蓝",ROUND(1000000/J104,0),D104="紫",ROUND(3000000/J104,0),D104="金",ROUND(10000000/J104,0),D104="红",ROUND(30000000/J104,0))} -> 52 | L104: =IF(VLOOKUP(E104,Sheet2!$B:$V,21,FALSE)=1,K104,ROUND(K104/2,0)) -> 26 | M104: {=K104/VLOOKUP(C104,$R$1:$X$34,_xlfn.IFS(D104=S$1,2,D104=T$1,3,D104=U$1,4,D104=V$1,5,D104=W$1,6,D104=X$1,7),FALSE)} -> 0.014751773 | N104: =J104*M104 -> 284.26667
A105: 103 | B105: 1级容器 | C105: 陶罐1 | D105: 蓝 | E105: 精钢盔壳 | F105: =K105 -> 51 | G105: =VLOOKUP(E105,Sheet2!$B:$G,5,FALSE) -> 2 | H105: =VLOOKUP(E105,Sheet2!$B:$G,6,FALSE) -> 1 | I105: =G105*H105 -> 2 | J105: =VLOOKUP(E105,Sheet2!$B:$I,8,FALSE) -> 19580 | K105: {=_xlfn.IFS(D105="白",ROUND(100000/J105,0),D105="绿",ROUND(300000/J105,0),D105="蓝",ROUND(1000000/J105,0),D105="紫",ROUND(3000000/J105,0),D105="金",ROUND(10000000/J105,0),D105="红",ROUND(30000000/J105,0))} -> 51 | L105: =IF(VLOOKUP(E105,Sheet2!$B:$V,21,FALSE)=1,K105,ROUND(K105/2,0)) -> 26 | M105: {=K105/VLOOKUP(C105,$R$1:$X$34,_xlfn.IFS(D105=S$1,2,D105=T$1,3,D105=U$1,4,D105=V$1,5,D105=W$1,6,D105=X$1,7),FALSE)} -> 0.014468085 | N105: =J105*M105 -> 283.28511
A106: 104 | B106: 1级容器 | C106: 陶罐1 | D106: 蓝 | E106: 精钢镶框 | F106: =K106 -> 100 | G106: =VLOOKUP(E106,Sheet2!$B:$G,5,FALSE) -> 1 | H106: =VLOOKUP(E106,Sheet2!$B:$G,6,FALSE) -> 1 | I106: =G106*H106 -> 1 | J106: =VLOOKUP(E106,Sheet2!$B:$I,8,FALSE) -> 10024 | K106: {=_xlfn.IFS(D106="白",ROUND(100000/J106,0),D106="绿",ROUND(300000/J106,0),D106="蓝",ROUND(1000000/J106,0),D106="紫",ROUND(3000000/J106,0),D106="金",ROUND(10000000/J106,0),D106="红",ROUND(30000000/J106,0))} -> 100 | L106: =IF(VLOOKUP(E106,Sheet2!$B:$V,21,FALSE)=1,K106,ROUND(K106/2,0)) -> 50 | M106: {=K106/VLOOKUP(C106,$R$1:$X$34,_xlfn.IFS(D106=S$1,2,D106=T$1,3,D106=U$1,4,D106=V$1,5,D106=W$1,6,D106=X$1,7),FALSE)} -> 0.028368794 | N106: =J106*M106 -> 284.36879
A107: 105 | B107: 1级容器 | C107: 陶罐1 | D107: 蓝 | E107: 精钢甲板 | F107: =K107 -> 28 | G107: =VLOOKUP(E107,Sheet2!$B:$G,5,FALSE) -> 2 | H107: =VLOOKUP(E107,Sheet2!$B:$G,6,FALSE) -> 2 | I107: =G107*H107 -> 4 | J107: =VLOOKUP(E107,Sheet2!$B:$I,8,FALSE) -> 36214 | K107: {=_xlfn.IFS(D107="白",ROUND(100000/J107,0),D107="绿",ROUND(300000/J107,0),D107="蓝",ROUND(1000000/J107,0),D107="紫",ROUND(3000000/J107,0),D107="金",ROUND(10000000/J107,0),D107="红",ROUND(30000000/J107,0))} -> 28 | L107: =IF(VLOOKUP(E107,Sheet2!$B:$V,21,FALSE)=1,K107,ROUND(K107/2,0)) -> 14 | M107: {=K107/VLOOKUP(C107,$R$1:$X$34,_xlfn.IFS(D107=S$1,2,D107=T$1,3,D107=U$1,4,D107=V$1,5,D107=W$1,6,D107=X$1,7),FALSE)} -> 0.0079432624 | N107: =J107*M107 -> 287.6573
A108: 106 | B108: 1级容器 | C108: 陶罐1 | D108: 蓝 | E108: 工具箱 | F108: =K108 -> 27 | G108: =VLOOKUP(E108,Sheet2!$B:$G,5,FALSE) -> 2 | H108: =VLOOKUP(E108,Sheet2!$B:$G,6,FALSE) -> 2 | I108: =G108*H108 -> 4 | J108: =VLOOKUP(E108,Sheet2!$B:$I,8,FALSE) -> 36531 | K108: {=_xlfn.IFS(D108="白",ROUND(100000/J108,0),D108="绿",ROUND(300000/J108,0),D108="蓝",ROUND(1000000/J108,0),D108="紫",ROUND(3000000/J108,0),D108="金",ROUND(10000000/J108,0),D108="红",ROUND(30000000/J108,0))} -> 27 | L108: =IF(VLOOKUP(E108,Sheet2!$B:$V,21,FALSE)=1,K108,ROUND(K108/2,0)) -> 14 | M108: {=K108/VLOOKUP(C108,$R$1:$X$34,_xlfn.IFS(D108=S$1,2,D108=T$1,3,D108=U$1,4,D108=V$1,5,D108=W$1,6,D108=X$1,7),FALSE)} -> 0.0076595745 | N108: =J108*M108 -> 279.81191
A109: 107 | B109: 1级容器 | C109: 陶罐1 | D109: 蓝 | E109: 炼金烧瓶 | F109: =K109 -> 52 | G109: =VLOOKUP(E109,Sheet2!$B:$G,5,FALSE) -> 1 | H109: =VLOOKUP(E109,Sheet2!$B:$G,6,FALSE) -> 2 | I109: =G109*H109 -> 2 | J109: =VLOOKUP(E109,Sheet2!$B:$I,8,FALSE) -> 19235 | K109: {=_xlfn.IFS(D109="白",ROUND(100000/J109,0),D109="绿",ROUND(300000/J109,0),D109="蓝",ROUND(1000000/J109,0),D109="紫",ROUND(3000000/J109,0),D109="金",ROUND(10000000/J109,0),D109="红",ROUND(30000000/J109,0))} -> 52 | L109: =IF(VLOOKUP(E109,Sheet2!$B:$V,21,FALSE)=1,K109,ROUND(K109/2,0)) -> 26 | M109: {=K109/VLOOKUP(C109,$R$1:$X$34,_xlfn.IFS(D109=S$1,2,D109=T$1,3,D109=U$1,4,D109=V$1,5,D109=W$1,6,D109=X$1,7),FALSE)} -> 0.014751773 | N109: =J109*M109 -> 283.75035
A110: 108 | B110: 1级容器 | C110: 陶罐1 | D110: 蓝 | E110: 水晶研钵 | F110: =K110 -> 28 | G110: =VLOOKUP(E110,Sheet2!$B:$G,5,FALSE) -> 2 | H110: =VLOOKUP(E110,Sheet2!$B:$G,6,FALSE) -> 2 | I110: =G110*H110 -> 4 | J110: =VLOOKUP(E110,Sheet2!$B:$I,8,FALSE) -> 36127 | K110: {=_xlfn.IFS(D110="白",ROUND(100000/J110,0),D110="绿",ROUND(300000/J110,0),D110="蓝",ROUND(1000000/J110,0),D110="紫",ROUND(3000000/J110,0),D110="金",ROUND(10000000/J110,0),D110="红",ROUND(30000000/J110,0))} -> 28 | L110: =IF(VLOOKUP(E110,Sheet2!$B:$V,21,FALSE)=1,K110,ROUND(K110/2,0)) -> 14 | M110: {=K110/VLOOKUP(C110,$R$1:$X$34,_xlfn.IFS(D110=S$1,2,D110=T$1,3,D110=U$1,4,D110=V$1,5,D110=W$1,6,D110=X$1,7),FALSE)} -> 0.0079432624 | N110: =J110*M110 -> 286.96624
A111: 109 | B111: 1级容器 | C111: 陶罐1 | D111: 蓝 | E111: 魔导校准器 | F111: =K111 -> 52 | G111: =VLOOKUP(E111,Sheet2!$B:$G,5,FALSE) -> 2 | H111: =VLOOKUP(E111,Sheet2!$B:$G,6,FALSE) -> 1 | I111: =G111*H111 -> 2 | J111: =VLOOKUP(E111,Sheet2!$B:$I,8,FALSE) -> 19359 | K111: {=_xlfn.IFS(D111="白",ROUND(100000/J111,0),D111="绿",ROUND(300000/J111,0),D111="蓝",ROUND(1000000/J111,0),D111="紫",ROUND(3000000/J111,0),D111="金",ROUND(10000000/J111,0),D111="红",ROUND(30000000/J111,0))} -> 52 | L111: =IF(VLOOKUP(E111,Sheet2!$B:$V,21,FALSE)=1,K111,ROUND(K111/2,0)) -> 26 | M111: {=K111/VLOOKUP(C111,$R$1:$X$34,_xlfn.IFS(D111=S$1,2,D111=T$1,3,D111=U$1,4,D111=V$1,5,D111=W$1,6,D111=X$1,7),FALSE)} -> 0.014751773 | N111: =J111*M111 -> 285.57957
A112: 110 | B112: 1级容器 | C112: 陶罐1 | D112: 蓝 | E112: 缠丝骨针 | F112: =K112 -> 99 | G112: =VLOOKUP(E112,Sheet2!$B:$G,5,FALSE) -> 1 | H112: =VLOOKUP(E112,Sheet2!$B:$G,6,FALSE) -> 1 | I112: =G112*H112 -> 1 | J112: =VLOOKUP(E112,Sheet2!$B:$I,8,FALSE) -> 10095 | K112: {=_xlfn.IFS(D112="白",ROUND(100000/J112,0),D112="绿",ROUND(300000/J112,0),D112="蓝",ROUND(1000000/J112,0),D112="紫",ROUND(3000000/J112,0),D112="金",ROUND(10000000/J112,0),D112="红",ROUND(30000000/J112,0))} -> 99 | L112: =IF(VLOOKUP(E112,Sheet2!$B:$V,21,FALSE)=1,K112,ROUND(K112/2,0)) -> 50 | M112: {=K112/VLOOKUP(C112,$R$1:$X$34,_xlfn.IFS(D112=S$1,2,D112=T$1,3,D112=U$1,4,D112=V$1,5,D112=W$1,6,D112=X$1,7),FALSE)} -> 0.028085106 | N112: =J112*M112 -> 283.51915
A113: 111 | B113: 1级容器 | C113: 陶罐1 | D113: 蓝 | E113: 机械核心 | F113: =K113 -> 100 | G113: =VLOOKUP(E113,Sheet2!$B:$G,5,FALSE) -> 1 | H113: =VLOOKUP(E113,Sheet2!$B:$G,6,FALSE) -> 1 | I113: =G113*H113 -> 1 | J113: =VLOOKUP(E113,Sheet2!$B:$I,8,FALSE) -> 10012 | K113: {=_xlfn.IFS(D113="白",ROUND(100000/J113,0),D113="绿",ROUND(300000/J113,0),D113="蓝",ROUND(1000000/J113,0),D113="紫",ROUND(3000000/J113,0),D113="金",ROUND(10000000/J113,0),D113="红",ROUND(30000000/J113,0))} -> 100 | L113: =IF(VLOOKUP(E113,Sheet2!$B:$V,21,FALSE)=1,K113,ROUND(K113/2,0)) -> 50 | M113: {=K113/VLOOKUP(C113,$R$1:$X$34,_xlfn.IFS(D113=S$1,2,D113=T$1,3,D113=U$1,4,D113=V$1,5,D113=W$1,6,D113=X$1,7),FALSE)} -> 0.028368794 | N113: =J113*M113 -> 284.02837
... A7821: 7817 | B7821: 6级容器 | C7821: 保险柜 | D7821: 红 | E7821: 帝国荣誉勋章套组 | F7821: =K7821 -> 99 | G7821: =VLOOKUP(E7821,Sheet2!$B:$G,5,FALSE) -> 1 | H7821: =VLOOKUP(E7821,Sheet2!$B:$G,6,FALSE) -> 1 | I7821: =G7821*H7821 -> 1 | J7821: =VLOOKUP(E7821,Sheet2!$B:$I,8,FALSE) -> 302457 | K7821: {=_xlfn.IFS(D7821="白",ROUND(100000/J7821,0),D7821="绿",ROUND(300000/J7821,0),D7821="蓝",ROUND(1000000/J7821,0),D7821="紫",ROUND(3000000/J7821,0),D7821="金",ROUND(10000000/J7821,0),D7821="红",ROUND(30000000/J7821,0))} -> 99 | L7821: =IF(VLOOKUP(E7821,Sheet2!$B:$V,21,FALSE)=1,K7821,ROUND(K7821/2,0)) -> 50 | M7821: {=K7821/VLOOKUP(C7821,$R$1:$X$34,_xlfn.IFS(D7821=S$1,2,D7821=T$1,3,D7821=U$1,4,D7821=V$1,5,D7821=W$1,6,D7821=X$1,7),FALSE)} -> 0.048034934 | N7821: =J7821*M7821 -> 14528.502

Sheet Sheet2
A1: 序号 | B1: 物品名称 | C1: 物品分类 | D1: 品质 | E1: 组内序号 | F1: 长 | G1: 宽 | H1: 面积价值衰减 | I1: 初始定价 | J1: 单格价值 | K1: 衰减后单格价值 | L1: 系统回收价(不变) | M1: 价值浮动系数 | N1: 售价下限 | O1: 售价上限 | P1: 最低保证金 | Q1: 价格区间长度 | R1: 道具描述 | S1: 物品id | T1: 面积 | U1: 衰减系数 | AD1: name | AE1: id
L2: 0.6 | M2: ±1.00% | N2: 0.15 | O2: 15 | P2: 0.009 | Q2: 0.0033554795 | AD2: name:string | AE2: id:number
A3: 1 | B3: 远古龙心 | C3: 生物材料 | D3: 红 | E3: 1 | F3: 3 | G3: 3 | H3: 0.8 | I3: 2176697 | J3: 302319 | K3: 241855 | L3: 1306018 | M3: 1.00773 | N3: 326505 | O3: 32650455 | P3: 19590.27 | Q3: 108462 | R3: 仍在微弱跳动的龙之心脏，蕴含庞大生命力，蕴含极致的生命与力量本源。 | S3: 160020043 | T3: 1 | U3: 1 | AE3: -1
A4: 2 | B4: 生命之树精华 | C4: 生物材料 | D4: 红 | E4: 2 | F4: 3 | G4: 3 | H4: 0.8 | I4: 2143325 | J4: 297684 | K4: 238147 | L4: 1285995 | M4: 0.99228 | N4: 321499 | O4: 32149875 | P4: 19289.925 | Q4: 106799 | R4: 从世界树树芯中提取的翠绿色液体，拥有极强的生机修复之力。 | S4: 160020044 | T4: 2 | U4: 0.97 | AD4: 钻石 | AE4: 1
A5: 3 | B5: 龙骨标本 | C5: 生物材料 | D5: 红 | E5: 3 | F5: 2 | G5: 2 | H5: 0.91 | I5: 1096095 | J5: 301125 | K5: 274024 | L5: 657657 | M5: 1.00375 | N5: 164414 | O5: 16441425 | P5: 9864.855 | Q5: 54617 | R5: 保存完好的巨龙骨骼碎片，具备极强的结构稳定性与魔力传导性。 | S5: 160020045 | T5: 3 | U5: 0.94 | AD5: 经验 | AE5: 2
A6: 4 | B6: 不朽之骨 | C6: 生物材料 | D6: 红 | E6: 4 | F6: 2 | G6: 3 | H6: 0.88 | I6: 1570504 | J6: 297444 | K6: 261751 | L6: 942302 | M6: 0.99148 | N6: 235576 | O6: 23557560 | P6: 14134.53 | Q6: 78256 | R6: 来自不死生物的骨骼，带有抗腐与不灭特性。 | S6: 160020046 | T6: 4 | U6: 0.91 | AD6: VIP经验 | AE6: 3
A7: 5 | B7: 神圣羽毛 | C7: 生物材料 | D7: 红 | E7: 5 | F7: 2 | G7: 3 | H7: 0.88 | I7: 1593346 | J7: 301770 | K7: 265558 | L7: 956008 | M7: 1.0059 | N7: 239002 | O7: 23900190 | P7: 14340.12 | Q7: 79395 | R7: 高阶圣兽羽翼脱落之羽，蕴含净化与治愈力量。 | S7: 160020047 | T7: 6 | U7: 0.88 | AD7: 钻石(弃用) | AE7: 10
A8: 6 | B8: 星界灵翼晶核 | C8: 生物材料 | D8: 红 | E8: 6 | F8: 2 | G8: 2 | H8: 0.91 | I8: 1084116 | J8: 297834 | K8: 271029 | L8: 650470 | M8: 0.99278 | N8: 162617 | O8: 16261740 | P8: 9757.05 | Q8: 54020 | R8: 星界灵翼巨兽的核心结晶，封存着纯粹的星界能量，兼具净化与魔力增幅的本源之力。 | S8: 160020048 | T8: 8 | U8: 0.84 | AD8: 金币 | AE8: 11
A9: 7 | B9: 金鳞龙血 | C9: 生物材料 | D9: 金 | E9: 7 | F9: 1 | G9: 1 | H9: 1 | I9: 100388 | J9: 100388 | K9: 100388 | L9: 60233 | M9: 1.00388 | N9: 15058 | O9: 1505820 | P9: 903.495 | Q9: 5002 | R9: 从成年巨龙体内提取的血液，富含高浓度火属性能量。 | S9: 160020037 | T9: 9 | U9: 0.8 | AD9: 改名卡 | AE9: 201
A10: 8 | B10: 月光花蜜 | C10: 生物材料 | D10: 金 | E10: 8 | F10: 1 | G10: 1 | H10: 1 | I10: 99889 | J10: 99889 | K10: 99889 | L10: 59933 | M10: 0.99889 | N10: 14983 | O10: 1498335 | P10: 898.995 | Q10: 4977 | R10: 仅在满月夜采集的花蜜，具有稳定魔力与安神效果。 | S10: 160020036 | T10: 10 | U10: 0.75 | AD10: 新手战备令 | AE10: 1001
A11: 9 | B11: 黑檀木 | C11: 生物材料 | D11: 金 | E11: 9 | F11: 1 | G11: 2 | H11: 0.97 | I11: 195868 | J11: 100963 | K11: 97934 | L11: 117521 | M11: 1.00963 | N11: 29380 | O11: 2938020 | P11: 1762.815 | Q11: 9760 | R11: 质地坚硬如铁的珍稀木料，纹理深邃，是打造高阶器物的良材。 | S11: 160020038 | T11: 12 | U11: 0.7 | AD11: 标准战备令 | AE11: 1002
A12: 10 | B12: 巨蛛毒腺 | C12: 生物材料 | D12: 金 | E12: 10 | F12: 1 | G12: 1 | H12: 1 | I12: 100979 | J12: 100979 | K12: 100979 | L12: 60587 | M12: 1.00979 | N12: 15147 | O12: 1514685 | P12: 908.805 | Q12: 5032 | R12: 大型毒蛛体内的毒素腺体，可用于剧毒或腐蚀配方。 | S12: 160020039 | AD12: 精英战备令 | AE12: 1003
A13: 11 | B13: 森林古鹿之角 | C13: 生物材料 | D13: 金 | E13: 11 | F13: 1 | G13: 2 | H13: 0.97 | I13: 193503 | J13: 99744 | K13: 96752 | L13: 116102 | M13: 0.99744 | N13: 29025 | O13: 2902545 | P13: 1741.53 | Q13: 9642 | R13: 古老灵鹿的分叉鹿角，具有自然恢复与祝福效果。 | S13: 160020040 | AD13: 卫队长 | AE13: 100100
A14: 12 | B14: 渊甲龙鳞 | C14: 生物材料 | D14: 金 | E14: 12 | F14: 2 | G14: 3 | H14: 0.88 | I14: 529172 | J14: 100222 | K14: 88195 | L14: 317503 | M14: 1.00222 | N14: 79376 | O14: 7937580 | P14: 4762.545 | Q14: 26368 | R14: 深渊古龙的鳞甲碎片，质地坚不可摧，自带稳固的守护气息。 | S14: 160020041 | AD14: 暗夜女王 | AE14: 100200
A15: 13 | B15: 炎羽龙皮 | C15: 生物材料 | D15: 金 | E15: 13 | F15: 1 | G15: 2 | H15: 0.97 | I15: 192590 | J15: 99273 | K15: 96295 | L15: 115554 | M15: 0.99273 | N15: 28889 | O15: 2888850 | P15: 1733.31 | Q15: 9597 | R15: 炎翼巨龙的翎羽下皮层，坚韧耐热，蕴含着微弱的炎属性本源。 | S15: 160020042 | AD15: 海潮祭司 | AE15: 100300
A16: 14 | B16: 细密蛛丝 | C16: 生物材料 | D16: 紫 | E16: 14 | F16: 2 | G16: 2 | H16: 0.91 | I16: 109611 | J16: 30113 | K16: 27403 | L16: 65767 | M16: 1.00377 | N16: 16442 | O16: 1644165 | P16: 986.505 | Q16: 5462 | R16: 灵蛛吐出的丝线，纤细却强韧，是制作轻韧装备的优质材料。 | S16: 160020032 | AD16: 蝶女 | AE16: 100400
A17: 15 | B17: 幻角兽血 | C17: 生物材料 | D17: 紫 | E17: 15 | F17: 1 | G17: 1 | H17: 1 | I17: 29773 | J17: 29773 | K17: 29773 | L17: 17864 | M17: 0.99244 | N17: 4466 | O17: 446595 | P17: 267.96 | Q17: 1484 | R17: 幻角异兽体内的精纯血液，生机旺盛，流转着鲜活的生命能量。 | S17: 160020033 | AD17: 虫母 | AE17: 100500
A18: 16 | B18: 岩犀厚甲片 | C18: 生物材料 | D18: 紫 | E18: 16 | F18: 2 | G18: 2 | H18: 0.91 | I18: 109284 | J18: 30023 | K18: 27321 | L18: 65570 | M18: 1.00075 | N18: 16393 | O18: 1639260 | P18: 983.55 | Q18: 5445 | R18: 岩犀体表的厚重甲片，质地坚硬，防御性能出众。 | S18: 160020034 | AD18: 海潮祭司 | AE18: 100600
A19: 17 | B19: 紫杉木 | C19: 生物材料 | D19: 紫 | E19: 17 | F19: 1 | G19: 2 | H19: 0.97 | I19: 58524 | J19: 30167 | K19: 29262 | L19: 35114 | M19: 1.00557 | N19: 8779 | O19: 877860 | P19: 526.71 | Q19: 2916 | R19: 质地坚韧的珍稀木料，弹性极佳，是打造兵器的上佳材料。 | S19: 160020035 | AD19: 雷霆使者 | AE19: 100700
A20: 18 | B20: 韧化藤蔓丝 | C20: 生物材料 | D20: 蓝 | E20: 18 | F20: 1 | G20: 1 | H20: 1 | I20: 9909 | J20: 9909 | K20: 9909 | L20: 5945 | M20: 0.9909 | N20: 1486 | O20: 148635 | P20: 89.175 | Q20: 494 | R20: 经自然之力淬炼的藤蔓纤维，柔韧度远超普通植物纤维。 | S20: 160020022 | AD20: 野蛮人 | AE20: 100800
A21: 19 | B21: 穿山甲鳞甲 | C21: 生物材料 | D21: 蓝 | E21: 19 | F21: 2 | G21: 3 | H21: 0.88 | I21: 53022 | J21: 10042 | K21: 8837 | L21: 31813 | M21: 1.00423 | N21: 7953 | O21: 795330 | P21: 477.195 | Q21: 2642 | R21: 穿山甲的坚硬鳞片，轻薄坚韧，适合制作轻型防护装备。 | S21: 160020023 | AD21: 缚魂灵师 | AE21: 100900
A22: 20 | B22: 硬质橡木 | C22: 生物材料 | D22: 蓝 | E22: 20 | F22: 1 | G22: 2 | H22: 0.97 | I22: 19289 | J22: 9943 | K22: 9645 | L22: 11573 | M22: 0.99429 | N22: 2893 | O22: 289335 | P22: 173.595 | Q22: 961 | R22: 质地密实的普通优质木料，是新手阶段打造装备的常用主材。 | S22: 160020024 | AD22: 猎杀者 | AE22: 101000
A23: 21 | B23: 林地浆果 | C23: 生物材料 | D23: 蓝 | E23: 21 | F23: 1 | G23: 1 | H23: 1 | I23: 9931 | J23: 9931 | K23: 9931 | L23: 5959 | M23: 0.9931 | N23: 1490 | O23: 148965 | P23: 89.385 | Q23: 495 | R23: 林间常见的野生浆果，可作为基础炼药的初级材料。 | S23: 160020025 | AD23: 狼人 | AE23: 101100
... A70: 68 | B70: 麻衣围裙 | C70: 生活物品 | D70: 绿 | E70: 35 | F70: 2 | G70: 2 | H70: 0.91 | I70: 11029 | J70: 3030 | K70: 2757 | L70: 6617 | M70: 1.00985 | N70: 1654 | O70: 165435 | P70: 99.255 | Q70: 550 | R70: 烹饪时穿戴，防止衣物沾染油污。 | S70: 160060015 | AD70: 中通用防具维修 | AE70: 152000002
A71: 69 | B71: 编织草垫 | C71: 生活物品 | D71: 绿 | E71: 36 | F71: 2 | G71: 2 | H71: 0.91 | I71: 10953 | J71: 3009 | K71: 2738 | L71: 6572 | M71: 1.003 | N71: 1643 | O71: 164295 | P71: 98.58 | Q71: 546 | R71: 干草编织而成，可铺垫坐卧，简易实用。 | S71: 160060016 | AD71: 大通用防具维修 | AE71: 152000003 | AF71: 152000003,153010001,153020001,153030001,160010001,160010002
A72: 70 | B72: 食盐 | C72: 生活物品 | D72: 绿 | E72: 37 | F72: 1 | G72: 1 | H72: 1 | I72: 2977 | J72: 2977 | K72: 2977 | L72: 1786 | M72: 0.99218 | N72: 447 | O72: 44655 | P72: 26.79 | Q72: 148 | R72: 基础调味品，提味增鲜，烹饪必备。 | S72: 160060017 | AD72: 地图1测试钥匙 | AE72: 153010001
A73: 71 | B73: 麦香面包 | C73: 生活物品 | D73: 绿 | E73: 38 | F73: 1 | G73: 1 | H73: 1 | I73: 3004 | J73: 3004 | K73: 3004 | L73: 1802 | M73: 1.00125 | N73: 451 | O73: 45060 | P73: 27.03 | Q73: 150 | R73: 基础主食，松软饱腹，日常食用。 | S73: 160060018 | AD73: 地图2测试钥匙 | AE73: 153020001
A74: 72 | B74: 水壶 | C74: 生活物品 | D74: 绿 | E74: 39 | F74: 1 | G74: 1 | H74: 1 | I74: 2980 | J74: 2980 | K74: 2980 | L74: 1788 | M74: 0.99322 | N74: 447 | O74: 44700 | P74: 26.82 | Q74: 148 | R74: 普通盛水器具，用于外出携带饮水。 | S74: 160060019 | AD74: 地图3测试钥匙 | AE74: 153030001
A75: 73 | B75: 淡酒 | C75: 生活物品 | D75: 绿 | E75: 40 | F75: 1 | G75: 2 | H75: 0.97 | I75: 5773 | J75: 2976 | K75: 2887 | L75: 3464 | M75: 0.992 | N75: 866 | O75: 86595 | P75: 51.96 | Q75: 288 | R75: 度数极低的酒液，口感清淡，不易醉人。 | S75: 160060020 | AD75: 青铜矿 | AE75: 160010001
A76: 74 | B76: 擦布 | C76: 生活物品 | D76: 绿 | E76: 41 | F76: 1 | G76: 1 | H76: 1 | I76: 3009 | J76: 3009 | K76: 3009 | L76: 1805 | M76: 1.003 | N76: 451 | O76: 45135 | P76: 27.075 | Q76: 150 | R76: 棉质布料，用于擦拭桌面、餐具。 | S76: 160060021 | AD76: 铁矿 | AE76: 160010002
A77: 75 | B77: 实木餐盘 | C77: 生活物品 | D77: 绿 | E77: 42 | F77: 2 | G77: 2 | H77: 0.91 | I77: 11015 | J77: 3026 | K77: 2754 | L77: 6609 | M77: 1.00875 | N77: 1652 | O77: 165225 | P77: 99.135 | Q77: 549 | R77: 实木制成，用于盛放食物、蔬果。 | S77: 160060022 | AD77: 高原锰石 | AE77: 160010003
A78: 76 | B78: 老旧油灯 | C78: 生活物品 | D78: 绿 | E78: 43 | F78: 2 | G78: 2 | H78: 0.91 | I78: 10949 | J78: 3008 | K78: 2737 | L78: 6569 | M78: 1.00277 | N78: 1642 | O78: 164235 | P78: 98.535 | Q78: 546 | R78: 使用已久的旧油灯，照明效果一般，仍可使用。 | S78: 160060023 | AD78: 赤纹铜矿 | AE78: 160010004
A79: 77 | B79: 杂粮饼干 | C79: 生活物品 | D79: 绿 | E79: 44 | F79: 1 | G79: 1 | H79: 1 | I79: 3002 | J79: 3002 | K79: 3002 | L79: 1801 | M79: 1.00076 | N79: 450 | O79: 45030 | P79: 27.015 | Q79: 150 | R79: 谷物压制的饼食，耐储存，便携充饥。 | S79: 160060024 | AD79: 杂纹彩晶 | AE79: 160010005
A80: 78 | B80: 日晒果干 | C80: 生活物品 | D80: 绿 | E80: 45 | F80: 1 | G80: 1 | H80: 1 | I80: 2970 | J80: 2970 | K80: 2970 | L80: 1782 | M80: 0.99012 | N80: 446 | O80: 44550 | P80: 26.73 | Q80: 148 | R80: 鲜果脱水制成，保留甜味，方便存放食用。 | S80: 160060025 | AD80: 岩纹原岩料 | AE80: 160010006
A81: 79 | B81: 旧油灯 | C81: 生活物品 | D81: 白 | E81: 46 | F81: 2 | G81: 3 | H81: 0.88 | I81: 5232 | J81: 991 | K81: 872 | L81: 3139 | M81: 0.99096 | N81: 785 | O81: 78480 | P81: 47.085 | Q81: 261 | R81: 灯身布满烟熏痕迹与斑驳锈迹，灯芯焦枯蜷曲，散发出陈旧而暗沉的油烟气息。 | S81: 160060001 | AD81: 素纹晶坯 | AE81: 160010007
A82: 80 | B82: 鲜牛乳 | C82: 生活物品 | D82: 白 | E82: 47 | F82: 1 | G82: 1 | H82: 1 | I82: 1008 | J82: 1008 | K82: 1008 | L82: 605 | M82: 1.00786 | N82: 151 | O82: 15120 | P82: 9.075 | Q82: 50 | R82: 生鲜牛乳，营养温润，可直接饮用。 | S82: 160060007 | AD82: 残痕矿坯 | AE82: 160010008
A83: 81 | B83: 破旧衣物 | C83: 生活物品 | D83: 白 | E83: 48 | F83: 3 | G83: 3 | H83: 0.8 | I83: 7193 | J83: 999 | K83: 799 | L83: 4316 | M83: 0.99879 | N83: 1079 | O83: 107895 | P83: 64.74 | Q83: 358 | R83: 布料多处磨损撕裂，沾染尘污与霉斑，纤维松散破旧，带着尘封已久的暗沉气息。 | S83: 160060002 | AD83: 淬火熟铁矿 | AE83: 160010009
... A465: 463 | B465: 白双刀 | C465: 武器 | D465: 白 | E465: 42 | F465: 4 | G465: 2 | H465: 0.84 | I465: 6693 | J465: 996 | K465: 837 | L465: 4016 | M465: 0.9955 | N465: 1004 | O465: 100395 | P465: 60.24 | Q465: 334 | R465: 以攻速为核心的双持近战武器，攻速极快，连招灵活，擅长持续输出与灵活突进。 | S465: 230040000 | AD465: 引香研磨器 | AE465: 160060046
A466: 464 | B466: 高级护盾药剂 | C466: 药品 | D466: 金 | E466: 1 | F466: 1 | G466: 2 | H466: 0.97 | I466: 194582 | J466: 100300 | K466: 97291 | L466: 116749 | M466: 1.003 | N466: 29187 | O466: 2918730 | P466: 1751.235 | Q466: 9696 | R466: 虹蓝色的顶级药剂，形成的防护屏障近乎不灭，持续时间超长。 | S466: #N/A | AD466: 月转仙酿 | AE466: 160060047
A467: 465 | B467: 高级移速药剂 | C467: 药品 | D467: 金 | E467: 2 | F467: 1 | G467: 2 | H467: 0.97 | I467: 192487 | J467: 99220 | K467: 96243 | L467: 115492 | M467: 0.9922 | N467: 28873 | O467: 2887305 | P467: 1732.38 | Q467: 9591 | R467: 虹绿色的顶级药剂，赋予风之神速，身体灵动性达到极致。 | S467: #N/A | AD467: 定温玉壶 | AE467: 160060048
A468: 466 | B468: 高级增伤药剂 | C468: 药品 | D468: 金 | E468: 3 | F468: 1 | G468: 2 | H468: 0.97 | I468: 192603 | J468: 99280 | K468: 96302 | L468: 115562 | M468: 0.9928 | N468: 28890 | O468: 2889045 | P468: 1733.43 | Q468: 9597 | R468: 虹红色的顶级药剂，彻底解放身体潜能，攻击力达到巅峰。 | S468: #N/A | AD468: 静息香盘 | AE468: 160060049
A469: 467 | B469: 高级减伤药剂 | C469: 药品 | D469: 金 | E469: 4 | F469: 1 | G469: 2 | H469: 0.97 | I469: 194563 | J469: 100290 | K469: 97281 | L469: 116738 | M469: 1.0029 | N469: 29184 | O469: 2918445 | P469: 1751.07 | Q469: 9695 | R469: 虹灰色的顶级药剂，赋予大地之躯，所受伤害降至最低。 | S469: #N/A | AD469: 轻眠云毯 | AE469: 160060050
A470: 468 | B470: 高级视野药剂 | C470: 药品 | D470: 金 | E470: 5 | F470: 1 | G470: 2 | H470: 0.97 | I470: 194427 | J470: 100220 | K470: 97213 | L470: 116656 | M470: 1.0022 | N470: 29164 | O470: 2916405 | P470: 1749.84 | Q470: 9688 | R470: 虹黄色的顶级药剂，赋予全知之眼，视野与感知力达到巅峰。 | S470: #N/A | AD470: 流纹晶杯 | AE470: 160060051
A471: 469 | B471: 高级持续回血药剂 | C471: 药品 | D471: 金 | E471: 6 | F471: 2 | G471: 2 | H471: 0.91 | I471: 365856 | J471: 100510 | K471: 91464 | L471: 219514 | M471: 1.0051 | N471: 54878 | O471: 5487840 | P471: 3292.71 | Q471: 18230 | R471: 高级持续回血药剂 | S471: #N/A | AD471: 窖藏奶酪 | AE471: 160060052
A472: 470 | B472: 高级瞬时回血药剂 | C472: 药品 | D472: 金 | E472: 7 | F472: 2 | G472: 2 | H472: 0.91 | I472: 362981 | J472: 99720 | K472: 90745 | L472: 217789 | M472: 0.9972 | N472: 54447 | O472: 5444715 | P472: 3266.835 | Q472: 18087 | R472: 高级瞬时回血药剂 | S472: #N/A | AD472: 缓温银盘 | AE472: 160060053
A473: 471 | B473: 史诗护盾药剂 | C473: 药品 | D473: 紫 | E473: 8 | F473: 1 | G473: 1 | H473: 1 | I473: 29880 | J473: 29880 | K473: 29880 | L473: 17928 | M473: 0.996 | N473: 4482 | O473: 448200 | P473: 268.92 | Q473: 1489 | R473: 幽蓝色的稀有药剂，形成的防护屏障坚不可摧，持续时间极长。 | S473: #N/A | AD473: 余音酒杯 | AE473: 160060054
A474: 472 | B474: 史诗移速药剂 | C474: 药品 | D474: 紫 | E474: 9 | F474: 1 | G474: 1 | H474: 1 | I474: 30255 | J474: 30255 | K474: 30255 | L474: 18153 | M474: 1.0085 | N474: 4538 | O474: 453825 | P474: 272.295 | Q474: 1508 | R474: 碧绿色的稀有药剂，赋予身体风之灵动，奔跑速度极致提升。 | S474: #N/A | AD474: 映心手镜 | AE474: 160060055
A475: 473 | B475: 史诗增伤药剂 | C475: 药品 | D475: 紫 | E475: 10 | F475: 1 | G475: 1 | H475: 1 | I475: 30183 | J475: 30183 | K475: 30183 | L475: 18110 | M475: 1.0061 | N475: 4527 | O475: 452745 | P475: 271.65 | Q475: 1504 | R475: 血红色的稀有药剂，彻底激发身体潜能，攻击力极致跃升。 | S475: #N/A | AD475: 骨瓷梳妆台 | AE475: 160060056
A476: 474 | B476: 史诗减伤药剂 | C476: 药品 | D476: 紫 | E476: 11 | F476: 1 | G476: 1 | H476: 1 | I476: 30225 | J476: 30225 | K476: 30225 | L476: 18135 | M476: 1.0075 | N476: 4534 | O476: 453375 | P476: 272.025 | Q476: 1506 | R476: 暗灰色的稀有药剂，赋予身体大地抗性，所受伤害极致降低。 | S476: #N/A | AD476: 安梦棉毯 | AE476: 160060057
A477: 475 | B477: 史诗视野药剂 | C477: 药品 | D477: 紫 | E477: 12 | F477: 1 | G477: 1 | H477: 1 | I477: 29727 | J477: 29727 | K477: 29727 | L477: 17836 | M477: 0.9909 | N477: 4459 | O477: 445905 | P477: 267.54 | Q477: 1481 | R477: 橙黄色的稀有药剂，赋予洞察之眼，视野范围与感知力拉满。 | S477: #N/A | AD477: 流净瓷具 | AE477: 160060058
... A506: 504 | B506: 英雄防具维修道具 | C506: 维修道具 | D506: 蓝 | E506: 6 | F506: 2 | G506: 2 | H506: 0.91 | I506: 36378 | J506: 9994 | K506: 9095 | L506: 21827 | M506: 0.9994 | N506: 5457 | O506: 545670 | P506: 327.405 | Q506: 1813 | R506: 英雄防具维修道具 | S506: #N/A | AD506: 能量储存卷 | AE506: 160070028
A507: 505 | B507: 默认背包 | C507: 背包 | D507: 白 | E507: 1 | F507: 2 | G507: 2 | H507: 0.91 | I507: 3633 | J507: 998 | K507: 908 | L507: 2180 | M507: 0.9984 | N507: 545 | O507: 54495 | P507: 32.7 | Q507: 181 | R507: 默认背包 | S507: 121000000 | AD507: 航海航线图 | AE507: 160070029
A508: 506 | B508: 1级背包1 | C508: 背包 | D508: 白 | E508: 2 | F508: 2 | G508: 2 | H508: 0.91 | I508: 3673 | J508: 1009 | K508: 918 | L508: 2204 | M508: 1.0085 | N508: 551 | O508: 55095 | P508: 33.06 | Q508: 183 | R508: 1级背包1 | S508: #N/A | AD508: 火焰附魔卷轴 | AE508: 160070030
A509: 507 | B509: 1级背包2 | C509: 背包 | D509: 白 | E509: 3 | F509: 2 | G509: 2 | H509: 0.91 | I509: 3651 | J509: 1003 | K509: 913 | L509: 2191 | M509: 1.0029 | N509: 548 | O509: 54765 | P509: 32.865 | Q509: 182 | R509: 1级背包2 | S509: #N/A | AD509: 贵族密信集 | AE509: 160070031
A510: 508 | B510: 2级背包1 | C510: 背包 | D510: 绿 | E510: 4 | F510: 2 | G510: 2 | H510: 0.91 | I510: 10844 | J510: 2979 | K510: 2711 | L510: 6506 | M510: 0.9929 | N510: 1627 | O510: 162660 | P510: 97.59 | Q510: 540 | R510: 2级背包1 | S510: #N/A | AD510: 龙焰锻造卷轴 | AE510: 160070032
A511: 509 | B511: 2级背包2 | C511: 背包 | D511: 绿 | E511: 5 | F511: 2 | G511: 2 | H511: 0.91 | I511: 10971 | J511: 3014 | K511: 2743 | L511: 6583 | M511: 1.0046 | N511: 1646 | O511: 164565 | P511: 98.745 | Q511: 547 | R511: 2级背包2 | S511: #N/A | AD511: 天空航行地图 | AE511: 160070033
A512: 510 | B512: 3级背包1 | C512: 背包 | D512: 蓝 | E512: 6 | F512: 2 | G512: 2 | H512: 0.91 | I512: 18273 | J512: 5020 | K512: 4568 | L512: 10964 | M512: 1.004 | N512: 2741 | O512: 274095 | P512: 164.46 | Q512: 911 | R512: 3级背包1 | S512: #N/A | AD512: 元素融合卷轴 | AE512: 160070034
A513: 511 | B513: 3级背包2 | C513: 背包 | D513: 蓝 | E513: 7 | F513: 2 | G513: 2 | H513: 0.91 | I513: 18100 | J513: 4972.5 | K513: 4525 | L513: 10860 | M513: 0.9945 | N513: 2715 | O513: 271500 | P513: 162.9 | Q513: 902 | R513: 3级背包2 | S513: #N/A | AD513: 帝国战争总图 | AE513: 160070035
A514: 512 | B514: 3级背包3 | C514: 背包 | D514: 蓝 | E514: 8 | F514: 2 | G514: 2 | H514: 0.91 | I514: 18322 | J514: 5033.5 | K514: 4580 | L514: 10993 | M514: 1.0067 | N514: 2748 | O514: 274830 | P514: 164.895 | Q514: 913 | R514: 3级背包3 | S514: #N/A | AD514: 远古文明记录卷 | AE514: 160070036
A515: 513 | B515: 4级背包1 | C515: 背包 | D515: 紫 | E515: 9 | F515: 2 | G515: 2 | H515: 0.91 | I515: 55091 | J515: 15135 | K515: 13773 | L515: 33055 | M515: 1.009 | N515: 8264 | O515: 826365 | P515: 495.825 | Q515: 2745 | R515: 4级背包1 | S515: #N/A | AD515: 王位继承密令 | AE515: 160070037
A516: 514 | B516: 4级背包2 | C516: 背包 | D516: 紫 | E516: 10 | F516: 2 | G516: 2 | H516: 0.91 | I516: 54518 | J516: 14977.5 | K516: 13630 | L516: 32711 | M516: 0.9985 | N516: 8178 | O516: 817770 | P516: 490.665 | Q516: 2717 | R516: 4级背包2 | S516: #N/A | AD516: 高级符文核心图 | AE516: 160070038
A517: 515 | B517: 4级背包3 | C517: 背包 | D517: 紫 | E517: 11 | F517: 2 | G517: 2 | H517: 0.91 | I517: 54573 | J517: 14992.5 | K517: 13643 | L517: 32744 | M517: 0.9995 | N517: 8186 | O517: 818595 | P517: 491.16 | Q517: 2719 | R517: 4级背包3 | S517: #N/A | AD517: 深渊能量封印卷 | AE517: 160070039
A518: 516 | B518: 5级背包1 | C518: 背包 | D518: 金 | E518: 12 | F518: 2 | G518: 3 | H518: 0.88 | I518: 264739 | J518: 50140 | K518: 44123 | L518: 158843 | M518: 1.0028 | N518: 39711 | O518: 3971085 | P518: 2382.645 | Q518: 13192 | R518: 5级背包1 | S518: #N/A | AD518: 星象定位图 | AE518: 160070040
A519: 517 | B519: 5级背包2 | C519: 背包 | D519: 金 | E519: 13 | F519: 2 | G519: 3 | H519: 0.88 | I519: 263208 | J519: 49850 | K519: 43868 | L519: 157925 | M519: 0.997 | N519: 39481 | O519: 3948120 | P519: 2368.875 | Q519: 13115 | R519: 5级背包2 | S519: #N/A | AD519: 高阶召唤契约卷 | AE519: 160070041
... A521: 519 | B521: 6级背包1 | C521: 背包 | D521: 红 | E521: 15 | F521: 2 | G521: 3 | H521: 0.88 | I521: 785189 | J521: 148710 | K521: 130865 | L521: 471113 | M521: 0.9914 | N521: 117778 | O521: 11777835 | P521: 7066.695 | Q521: 39125 | R521: 6级背包1 | S521: #N/A | AD521: 测试武器核心 | AE521: 500000
A522: 520 | B522: 6级背包2 | C522: 背包 | D522: 红 | E522: 16 | F522: 2 | G522: 3 | H522: 0.88 | I522: 797465 | J522: 151035 | K522: 132911 | L522: 478479 | M522: 1.0069 | N522: 119620 | O522: 11961975 | P522: 7177.185 | Q522: 39737 | R522: 6级背包2 | S522: #N/A | AE522: 160070040
A523: 521 | B523: 默认快捷背包 | D523: 白 | E523: 1 | F523: 2 | G523: 2 | H523: 0.91 | I523: 3658 | J523: 1005 | K523: 915 | L523: 2195 | M523: 1.0052 | N523: 549 | O523: 54870 | P523: 32.925 | Q523: 182 | R523: 默认快捷背包 | S523: 122000000 | AE523: 160070041
A524: 522 | B524: 1级快捷背包1 | C524: 背包 | D524: 白 | E524: 2 | F524: 2 | G524: 2 | H524: 0.91 | I524: 3640 | J524: 1000 | K524: 910 | L524: 2184 | M524: 0.9998 | N524: 546 | O524: 54600 | P524: 32.76 | Q524: 181 | R524: 1级快捷背包1 | S524: #N/A | AE524: 160070042
A525: 523 | B525: 1级快捷背包2 | C525: 背包 | D525: 白 | E525: 3 | F525: 2 | G525: 2 | H525: 0.91 | I525: 3662 | J525: 1006 | K525: 915 | L525: 2197 | M525: 1.0059 | N525: 549 | O525: 54930 | P525: 32.955 | Q525: 182 | R525: 1级快捷背包2 | S525: #N/A | AE525: 500000
A526: 524 | B526: 2级快捷背包1 | C526: 背包 | D526: 绿 | E526: 4 | F526: 2 | G526: 2 | H526: 0.91 | I526: 10895 | J526: 2993 | K526: 2724 | L526: 6537 | M526: 0.9978 | N526: 1634 | O526: 163425 | P526: 98.055 | Q526: 543 | R526: 2级快捷背包1 | S526: #N/A | AD526: 镐子 | AE526: 230000000
A527: 525 | B527: 2级快捷背包2 | C527: 背包 | D527: 绿 | E527: 5 | F527: 2 | G527: 2 | H527: 0.91 | I527: 10833 | J527: 2976 | K527: 2708 | L527: 6500 | M527: 0.9921 | N527: 1625 | O527: 162495 | P527: 97.5 | Q527: 540 | R527: 2级快捷背包2 | S527: #N/A | AD527: 白剑 | AE527: 230010000
A528: 526 | B528: 3级快捷背包1 | C528: 背包 | D528: 蓝 | E528: 6 | F528: 2 | G528: 2 | H528: 0.91 | I528: 18269 | J528: 5019 | K528: 4567 | L528: 10961 | M528: 1.0038 | N528: 2740 | O528: 274035 | P528: 164.415 | Q528: 910 | R528: 3级快捷背包1 | S528: #N/A | AD528: 绿剑 | AE528: 230010100
A529: 527 | B529: 3级快捷背包2 | C529: 背包 | D529: 蓝 | E529: 7 | F529: 2 | G529: 2 | H529: 0.91 | I529: 18289 | J529: 5024.5 | K529: 4572 | L529: 10973 | M529: 1.0049 | N529: 2743 | O529: 274335 | P529: 164.595 | Q529: 911 | R529: 3级快捷背包2 | S529: #N/A | AD529: 蓝剑 | AE529: 230010200
A530: 528 | B530: 4级快捷背包1 | C530: 背包 | D530: 紫 | E530: 8 | F530: 2 | G530: 2 | H530: 0.91 | I530: 54786 | J530: 15051 | K530: 13696 | L530: 32872 | M530: 1.0034 | N530: 8218 | O530: 821790 | P530: 493.08 | Q530: 2730 | R530: 4级快捷背包1 | S530: #N/A | AD530: 紫剑 | AE530: 230010300
A531: 529 | B531: 4级快捷背包2 | C531: 背包 | D531: 紫 | E531: 9 | F531: 2 | G531: 2 | H531: 0.91 | I531: 54928 | J531: 15090 | K531: 13732 | L531: 32957 | M531: 1.006 | N531: 8239 | O531: 823920 | P531: 494.355 | Q531: 2737 | R531: 4级快捷背包2 | S531: #N/A | AD531: 金剑 | AE531: 230010400
A532: 530 | B532: 4级快捷背包3 | C532: 背包 | D532: 紫 | E532: 10 | F532: 2 | G532: 2 | H532: 0.91 | I532: 54556 | J532: 14988 | K532: 13639 | L532: 32734 | M532: 0.9992 | N532: 8183 | O532: 818340 | P532: 491.01 | Q532: 2718 | R532: 4级快捷背包3 | S532: #N/A | AD532: 红剑 | AE532: 230010500
A533: 531 | B533: 5级快捷背包2 | C533: 背包 | D533: 金 | E533: 11 | F533: 2 | G533: 3 | H533: 0.88 | I533: 261809 | J533: 49585 | K533: 43635 | L533: 157085 | M533: 0.9917 | N533: 39271 | O533: 3927135 | P533: 2356.275 | Q533: 13046 | R533: 5级快捷背包2 | S533: #N/A | AD533: 白巨斧 | AE533: 230020000
A534: 532 | B534: 5级快捷背包2 | C534: 背包 | D534: 金 | E534: 12 | F534: 2 | G534: 3 | H534: 0.88 | I534: 265954 | J534: 50370 | K534: 44326 | L534: 159572 | M534: 1.0074 | N534: 39893 | O534: 3989310 | P534: 2393.58 | Q534: 13252 | R534: 5级快捷背包2 | S534: #N/A | AD534: 绿巨斧 | AE534: 230020100
A535: 533 | B535: 默认钥匙背包 | D535: 白 | E535: 1 | F535: 1 | G535: 2 | H535: 0.97 | I535: 1930 | J535: 995 | K535: 965 | L535: 1158 | M535: 0.9946 | N535: 290 | O535: 28950 | P535: 17.37 | Q535: 96 | R535: 默认钥匙背包 | S535: #N/A | AD535: 蓝巨斧 | AE535: 230020200
A536: 534 | B536: 1级钥匙背包 | D536: 蓝 | E536: 2 | F536: 2 | G536: 2 | H536: 0.91 | I536: 18313 | J536: 5031 | K536: 4578 | L536: 10988 | M536: 1.0062 | N536: 2747 | O536: 274695 | P536: 164.82 | Q536: 913 | R536: 1级钥匙背包 | S536: #N/A | AD536: 紫巨斧 | AE536: 230020300
A537: 535 | B537: 2级钥匙背包 | D537: 紫 | E537: 3 | F537: 2 | G537: 3 | H537: 0.88 | I537: 79430 | J537: 15043.5 | K537: 13238 | L537: 47658 | M537: 1.0029 | N537: 11915 | O537: 1191450 | P537: 714.87 | Q537: 3958 | R537: 2级钥匙背包 | S537: #N/A | AD537: 金巨斧 | AE537: 230020400
A538: 536 | B538: 3级钥匙背包 | D538: 金 | E538: 4 | F538: 3 | G538: 3 | H538: 0.8 | I538: 360468 | J538: 50065 | K538: 40052 | L538: 216281 | M538: 1.0013 | N538: 54070 | O538: 5407020 | P538: 3244.215 | Q538: 17962 | R538: 3级钥匙背包 | S538: #N/A | AD538: 红巨斧 | AE538: 230020500
A539: 537 | B539: 默认安全箱 | D539: 白 | E539: 1 | F539: 1 | G539: 2 | H539: 0.97 | I539: 1948 | J539: 1004 | K539: 974 | L539: 1169 | M539: 1.0044 | N539: 292 | O539: 29220 | P539: 17.535 | Q539: 97 | R539: 默认安全箱 | S539: #N/A | AD539: 白长枪 | AE539: 230030000
A540: 538 | B540: 1级安全箱 | D540: 蓝 | E540: 2 | F540: 2 | G540: 2 | H540: 0.91 | I540: 18244 | J540: 5012 | K540: 4561 | L540: 10946 | M540: 1.0024 | N540: 2737 | O540: 273660 | P540: 164.19 | Q540: 909 | R540: 1级安全箱 | S540: #N/A | AD540: 绿长枪 | AE540: 230030100
A541: 539 | B541: 2级安全箱 | D541: 紫 | E541: 3 | F541: 2 | G541: 3 | H541: 0.88 | I541: 78630 | J541: 14892 | K541: 13105 | L541: 47178 | M541: 0.9928 | N541: 11795 | O541: 1179450 | P541: 707.67 | Q541: 3918 | R541: 2级安全箱 | S541: #N/A | AD541: 蓝长枪 | AE541: 230030200
A542: 540 | B542: 3级安全箱 | D542: 金 | E542: 4 | F542: 3 | G542: 3 | H542: 0.8 | I542: 358272 | J542: 49760 | K542: 39808 | L542: 214963 | M542: 0.9952 | N542: 53741 | O542: 5374080 | P542: 3224.445 | Q542: 17852 | R542: 3级安全箱 | S542: #N/A | AD542: 紫长枪 | AE542: 230030300
A543: 541 | B543: 山丘之王重靴 | C543: 防具 | D543: 红 | E543: 1 | F543: 2 | G543: 2 | H543: 0.91 | I543: 542669 | J543: 149085 | K543: 135667 | L543: 325601 | M543: 0.9939 | N543: 81400 | O543: 8140035 | P543: 4884.015 | Q543: 27041 | R543: 山丘之王重靴 | S543: 233000010 | AD543: 金长枪 | AE543: 230030400
A544: 542 | B544: 无尽怒火战靴 | C544: 防具 | D544: 红 | E544: 2 | F544: 2 | G544: 2 | H544: 0.91 | I544: 545836 | J544: 149955 | K544: 136459 | L544: 327502 | M544: 0.9997 | N544: 81875 | O544: 8187540 | P544: 4912.53 | Q544: 27198 | R544: 无尽怒火战靴 | S544: 233000011 | AD544: 红长枪 | AE544: 230030500
A545: 543 | B545: 弑君者足具 | C545: 防具 | D545: 红 | E545: 3 | F545: 2 | G545: 2 | H545: 0.91 | I545: 541414 | J545: 148740 | K545: 135353 | L545: 324848 | M545: 0.9916 | N545: 81212 | O545: 8121210 | P545: 4872.72 | Q545: 26978 | R545: 弑君者足具 | S545: 233000012 | AD545: 白双刀 | AE545: 230040000
A546: 544 | B546: 磐石之足 | C546: 防具 | D546: 金 | E546: 4 | F546: 2 | G546: 2 | H546: 0.91 | I546: 181527 | J546: 49870 | K546: 45382 | L546: 108916 | M546: 0.9974 | N546: 27229 | O546: 2722905 | P546: 1633.74 | Q546: 9045 | R546: 磐石之足 | S546: 233000007 | AD546: 绿双刀 | AE546: 230040100
A547: 545 | B547: 无畏勇士战靴 | C547: 防具 | D547: 金 | E547: 5 | F547: 2 | G547: 2 | H547: 0.91 | I547: 183602 | J547: 50440 | K547: 45900 | L547: 110161 | M547: 1.0088 | N547: 27540 | O547: 2754030 | P547: 1652.415 | Q547: 9149 | R547: 无畏勇士战靴 | S547: 233000008 | AD547: 蓝双刀 | AE547: 230040200
A548: 546 | B548: 夜幕隐者皮靴 | C548: 防具 | D548: 金 | E548: 6 | F548: 2 | G548: 2 | H548: 0.91 | I548: 181745 | J548: 49930 | K548: 45436 | L548: 109047 | M548: 0.9986 | N548: 27262 | O548: 2726175 | P548: 1635.705 | Q548: 9056 | R548: 夜幕隐者皮靴 | S548: 233000009 | AD548: 紫双刀 | AE548: 230040300
A549: 547 | B549: 守卫重靴 | C549: 防具 | D549: 紫 | E549: 7 | F549: 2 | G549: 2 | H549: 0.91 | I549: 54857 | J549: 15070.5 | K549: 13714 | L549: 32914 | M549: 1.0047 | N549: 8229 | O549: 822855 | P549: 493.71 | Q549: 2733 | R549: 守卫重靴 | S549: 233000004 | AD549: 金双刀 | AE549: 230040400
A550: 548 | B550: 角斗士战靴 | C550: 防具 | D550: 紫 | E550: 8 | F550: 2 | G550: 2 | H550: 0.91 | I550: 54622 | J550: 15006 | K550: 13655 | L550: 32773 | M550: 1.0004 | N550: 8193 | O550: 819330 | P550: 491.595 | Q550: 2722 | R550: 角斗士战靴 | S550: 233000005 | AD550: 红双刀 | AE550: 230040500
A551: 549 | B551: 追猎者皮靴 | C551: 防具 | D551: 紫 | E551: 9 | F551: 2 | G551: 2 | H551: 0.91 | I551: 54409 | J551: 14947.5 | K551: 13602 | L551: 32645 | M551: 0.9965 | N551: 8161 | O551: 816135 | P551: 489.675 | Q551: 2711 | R551: 追猎者皮靴 | S551: 233000006 | AD551: 白法杖 | AE551: 230050000
A552: 550 | B552: 英雄鞋子1 | C552: 防具 | D552: 蓝 | E552: 10 | F552: 2 | G552: 2 | H552: 0.91 | I552: 18156 | J552: 4988 | K552: 4539 | L552: 10894 | M552: 0.9976 | N552: 2723 | O552: 272340 | P552: 163.41 | Q552: 905 | R552: 英雄鞋子1 | S552: #N/A | AD552: 绿法杖 | AE552: 230050100
A553: 551 | B553: 英雄鞋子2 | C553: 防具 | D553: 蓝 | E553: 11 | F553: 2 | G553: 2 | H553: 0.91 | I553: 18158 | J553: 4988.5 | K553: 4540 | L553: 10895 | M553: 0.9977 | N553: 2724 | O553: 272370 | P553: 163.425 | Q553: 905 | R553: 英雄鞋子2 | S553: #N/A | AD553: 蓝法杖 | AE553: 230050200
A554: 552 | B554: 英雄鞋子3 | C554: 防具 | D554: 蓝 | E554: 12 | F554: 2 | G554: 2 | H554: 0.91 | I554: 18311 | J554: 5030.5 | K554: 4578 | L554: 10987 | M554: 1.0061 | N554: 2747 | O554: 274665 | P554: 164.805 | Q554: 912 | R554: 英雄鞋子3 | S554: #N/A | AD554: 紫法杖 | AE554: 230050300
A555: 553 | B555: 稀有鞋子1 | C555: 防具 | D555: 绿 | E555: 13 | F555: 2 | G555: 2 | H555: 0.91 | I555: 10996 | J555: 3021 | K555: 2749 | L555: 6598 | M555: 1.0069 | N555: 1649 | O555: 164940 | P555: 98.97 | Q555: 548 | R555: 稀有鞋子1 | S555: #N/A | AD555: 金法杖 | AE555: 230050400
A556: 554 | B556: 稀有鞋子2 | C556: 防具 | D556: 绿 | E556: 14 | F556: 2 | G556: 2 | H556: 0.91 | I556: 10865 | J556: 2985 | K556: 2716 | L556: 6519 | M556: 0.9951 | N556: 1630 | O556: 162975 | P556: 97.785 | Q556: 541 | R556: 稀有鞋子2 | S556: #N/A | AD556: 红法杖 | AE556: 230050500
...

Sheet Sheet3
