Workbook

Sheet Sheet1
A1: 序号 | B1: 物品名称 | C1: 物品分类 | D1: 品质 | E1: 组内序号 | F1: 长 | G1: 宽 | H1: 面积价值衰减 | I1: 初始定价 | J1: 单格价值 | K1: 衰减后单格价值 | L1: 系统回收价(不变) | M1: 价值浮动系数 | N1: 售价下限 | O1: 售价上限 | P1: 最低保证金 | Q1: 价格区间长度 | R1: 道具描述 | S1: 物品id | T1: 面积 | U1: 衰减系数 | AD1: name | AE1: id
L2: 0.6 | M2: ±1.00% | N2: 0.15 | O2: 15 | P2: 0.009 | Q2: 0.0033554795
A3: 1 | B3: 远古龙心 | C3: 生物材料 | D3: 红 | E3: 1 | F3: 3 | G3: 3 | H3: =VLOOKUP(F3*G3,$T$3:$U$11,2,FALSE) -> 0.8 | I3: =ROUND(F3*G3*J3*H3,0) -> 2176697 | J3: =ROUND(VLOOKUP(D3,[1]物品容器!$T$3:$U$8,2,FALSE)*M3,0) -> 302319 | K3: =ROUND(J3*H3,0) -> 241855 | L3: =ROUND($I3*L$2,0) -> 1306018 | M3: 1.00773 | N3: =ROUND($I3*N$2,0) -> 326505 | O3: =ROUND($I3*O$2,0) -> 32650455 | P3: =L3*1.5% -> 19590.27 | Q3: =ROUND((O3-N3)*$Q$2,0) -> 108462 | R3: 仍在微弱跳动的龙之心脏，蕴含庞大生命力，蕴含极致的生命与力量本源。 | S3: =VLOOKUP(B3,$AD:$AE,2,FALSE) -> 160020043 | T3: 1 | U3: 1
A4: 2 | B4: 生命之树精华 | C4: 生物材料 | D4: 红 | E4: 2 | F4: 3 | G4: 3 | H4: =VLOOKUP(F4*G4,$T$3:$U$11,2,FALSE) -> 0.8 | I4: =ROUND(F4*G4*J4*H4,0) -> 2143325 | J4: =ROUND(VLOOKUP(D4,[1]物品容器!$T$3:$U$8,2,FALSE)*M4,0) -> 297684 | K4: =ROUND(J4*H4,0) -> 238147 | L4: =ROUND($I4*L$2,0) -> 1285995 | M4: 0.99228 | N4: =ROUND($I4*N$2,0) -> 321499 | O4: =ROUND($I4*O$2,0) -> 32149875 | P4: =L4*1.5% -> 19289.925 | Q4: =ROUND((O4-N4)*$Q$2,0) -> 106799 | R4: 从世界树树芯中提取的翠绿色液体，拥有极强的生机修复之力。 | S4: =VLOOKUP(B4,$AD:$AE,2,FALSE) -> 160020044 | T4: 2 | U4: 0.97
A5: 3 | B5: 龙骨标本 | C5: 生物材料 | D5: 红 | E5: 3 | F5: 2 | G5: 2 | H5: =VLOOKUP(F5*G5,$T$3:$U$11,2,FALSE) -> 0.91 | I5: =ROUND(F5*G5*J5*H5,0) -> 1096095 | J5: =ROUND(VLOOKUP(D5,[1]物品容器!$T$3:$U$8,2,FALSE)*M5,0) -> 301125 | K5: =ROUND(J5*H5,0) -> 274024 | L5: =ROUND($I5*L$2,0) -> 657657 | M5: 1.00375 | N5: =ROUND($I5*N$2,0) -> 164414 | O5: =ROUND($I5*O$2,0) -> 16441425 | P5: =L5*1.5% -> 9864.855 | Q5: =ROUND((O5-N5)*$Q$2,0) -> 54617 | R5: 保存完好的巨龙骨骼碎片，具备极强的结构稳定性与魔力传导性。 | S5: =VLOOKUP(B5,$AD:$AE,2,FALSE) -> 160020045 | T5: 3 | U5: 0.94
A6: 4 | B6: 不朽之骨 | C6: 生物材料 | D6: 红 | E6: 4 | F6: 2 | G6: 3 | H6: =VLOOKUP(F6*G6,$T$3:$U$11,2,FALSE) -> 0.88 | I6: =ROUND(F6*G6*J6*H6,0) -> 1570504 | J6: =ROUND(VLOOKUP(D6,[1]物品容器!$T$3:$U$8,2,FALSE)*M6,0) -> 297444 | K6: =ROUND(J6*H6,0) -> 261751 | L6: =ROUND($I6*L$2,0) -> 942302 | M6: 0.99148 | N6: =ROUND($I6*N$2,0) -> 235576 | O6: =ROUND($I6*O$2,0) -> 23557560 | P6: =L6*1.5% -> 14134.53 | Q6: =ROUND((O6-N6)*$Q$2,0) -> 78256 | R6: 来自不死生物的骨骼，带有抗腐与不灭特性。 | S6: =VLOOKUP(B6,$AD:$AE,2,FALSE) -> 160020046 | T6: 4 | U6: 0.91
A7: 5 | B7: 神圣羽毛 | C7: 生物材料 | D7: 红 | E7: 5 | F7: 2 | G7: 3 | H7: =VLOOKUP(F7*G7,$T$3:$U$11,2,FALSE) -> 0.88 | I7: =ROUND(F7*G7*J7*H7,0) -> 1593346 | J7: =ROUND(VLOOKUP(D7,[1]物品容器!$T$3:$U$8,2,FALSE)*M7,0) -> 301770 | K7: =ROUND(J7*H7,0) -> 265558 | L7: =ROUND($I7*L$2,0) -> 956008 | M7: 1.0059 | N7: =ROUND($I7*N$2,0) -> 239002 | O7: =ROUND($I7*O$2,0) -> 23900190 | P7: =L7*1.5% -> 14340.12 | Q7: =ROUND((O7-N7)*$Q$2,0) -> 79395 | R7: 高阶圣兽羽翼脱落之羽，蕴含净化与治愈力量。 | S7: =VLOOKUP(B7,$AD:$AE,2,FALSE) -> 160020047 | T7: 6 | U7: 0.88 | AD7: name:string | AE7: id:number
A8: 6 | B8: 星界灵翼晶核 | C8: 生物材料 | D8: 红 | E8: 6 | F8: 2 | G8: 2 | H8: =VLOOKUP(F8*G8,$T$3:$U$11,2,FALSE) -> 0.91 | I8: =ROUND(F8*G8*J8*H8,0) -> 1084116 | J8: =ROUND(VLOOKUP(D8,[1]物品容器!$T$3:$U$8,2,FALSE)*M8,0) -> 297834 | K8: =ROUND(J8*H8,0) -> 271029 | L8: =ROUND($I8*L$2,0) -> 650470 | M8: 0.99278 | N8: =ROUND($I8*N$2,0) -> 162617 | O8: =ROUND($I8*O$2,0) -> 16261740 | P8: =L8*1.5% -> 9757.05 | Q8: =ROUND((O8-N8)*$Q$2,0) -> 54020 | R8: 星界灵翼巨兽的核心结晶，封存着纯粹的星界能量，兼具净化与魔力增幅的本源之力。 | S8: =VLOOKUP(B8,$AD:$AE,2,FALSE) -> 160020048 | T8: 8 | U8: 0.84 | AE8: -1
A9: 7 | B9: 金鳞龙血 | C9: 生物材料 | D9: 金 | E9: 7 | F9: 1 | G9: 1 | H9: =VLOOKUP(F9*G9,$T$3:$U$11,2,FALSE) -> 1 | I9: =ROUND(F9*G9*J9*H9,0) -> 100388 | J9: =ROUND(VLOOKUP(D9,[1]物品容器!$T$3:$U$8,2,FALSE)*M9,0) -> 100388 | K9: =ROUND(J9*H9,0) -> 100388 | L9: =ROUND($I9*L$2,0) -> 60233 | M9: 1.00388 | N9: =ROUND($I9*N$2,0) -> 15058 | O9: =ROUND($I9*O$2,0) -> 1505820 | P9: =L9*1.5% -> 903.495 | Q9: =ROUND((O9-N9)*$Q$2,0) -> 5002 | R9: 从成年巨龙体内提取的血液，富含高浓度火属性能量。 | S9: =VLOOKUP(B9,$AD:$AE,2,FALSE) -> 160020037 | T9: 9 | U9: 0.8 | AD9: 钻石 | AE9: 1
A10: 8 | B10: 月光花蜜 | C10: 生物材料 | D10: 金 | E10: 8 | F10: 1 | G10: 1 | H10: =VLOOKUP(F10*G10,$T$3:$U$11,2,FALSE) -> 1 | I10: =ROUND(F10*G10*J10*H10,0) -> 99889 | J10: =ROUND(VLOOKUP(D10,[1]物品容器!$T$3:$U$8,2,FALSE)*M10,0) -> 99889 | K10: =ROUND(J10*H10,0) -> 99889 | L10: =ROUND($I10*L$2,0) -> 59933 | M10: 0.99889 | N10: =ROUND($I10*N$2,0) -> 14983 | O10: =ROUND($I10*O$2,0) -> 1498335 | P10: =L10*1.5% -> 898.995 | Q10: =ROUND((O10-N10)*$Q$2,0) -> 4977 | R10: 仅在满月夜采集的花蜜，具有稳定魔力与安神效果。 | S10: =VLOOKUP(B10,$AD:$AE,2,FALSE) -> 160020036 | T10: 10 | U10: 0.75 | AD10: 经验 | AE10: 2
A11: 9 | B11: 黑檀木 | C11: 生物材料 | D11: 金 | E11: 9 | F11: 1 | G11: 2 | H11: =VLOOKUP(F11*G11,$T$3:$U$11,2,FALSE) -> 0.97 | I11: =ROUND(F11*G11*J11*H11,0) -> 195868 | J11: =ROUND(VLOOKUP(D11,[1]物品容器!$T$3:$U$8,2,FALSE)*M11,0) -> 100963 | K11: =ROUND(J11*H11,0) -> 97934 | L11: =ROUND($I11*L$2,0) -> 117521 | M11: 1.00963 | N11: =ROUND($I11*N$2,0) -> 29380 | O11: =ROUND($I11*O$2,0) -> 2938020 | P11: =L11*1.5% -> 1762.815 | Q11: =ROUND((O11-N11)*$Q$2,0) -> 9760 | R11: 质地坚硬如铁的珍稀木料，纹理深邃，是打造高阶器物的良材。 | S11: =VLOOKUP(B11,$AD:$AE,2,FALSE) -> 160020038 | T11: 12 | U11: 0.7 | AD11: VIP经验 | AE11: 3
A12: 10 | B12: 巨蛛毒腺 | C12: 生物材料 | D12: 金 | E12: 10 | F12: 1 | G12: 1 | H12: =VLOOKUP(F12*G12,$T$3:$U$11,2,FALSE) -> 1 | I12: =ROUND(F12*G12*J12*H12,0) -> 100979 | J12: =ROUND(VLOOKUP(D12,[1]物品容器!$T$3:$U$8,2,FALSE)*M12,0) -> 100979 | K12: =ROUND(J12*H12,0) -> 100979 | L12: =ROUND($I12*L$2,0) -> 60587 | M12: 1.00979 | N12: =ROUND($I12*N$2,0) -> 15147 | O12: =ROUND($I12*O$2,0) -> 1514685 | P12: =L12*1.5% -> 908.805 | Q12: =ROUND((O12-N12)*$Q$2,0) -> 5032 | R12: 大型毒蛛体内的毒素腺体，可用于剧毒或腐蚀配方。 | S12: =VLOOKUP(B12,$AD:$AE,2,FALSE) -> 160020039 | AD12: 钻石(弃用) | AE12: 10
A13: 11 | B13: 森林古鹿之角 | C13: 生物材料 | D13: 金 | E13: 11 | F13: 1 | G13: 2 | H13: =VLOOKUP(F13*G13,$T$3:$U$11,2,FALSE) -> 0.97 | I13: =ROUND(F13*G13*J13*H13,0) -> 193503 | J13: =ROUND(VLOOKUP(D13,[1]物品容器!$T$3:$U$8,2,FALSE)*M13,0) -> 99744 | K13: =ROUND(J13*H13,0) -> 96752 | L13: =ROUND($I13*L$2,0) -> 116102 | M13: 0.99744 | N13: =ROUND($I13*N$2,0) -> 29025 | O13: =ROUND($I13*O$2,0) -> 2902545 | P13: =L13*1.5% -> 1741.53 | Q13: =ROUND((O13-N13)*$Q$2,0) -> 9642 | R13: 古老灵鹿的分叉鹿角，具有自然恢复与祝福效果。 | S13: =VLOOKUP(B13,$AD:$AE,2,FALSE) -> 160020040 | AD13: 金币 | AE13: 11
A14: 12 | B14: 渊甲龙鳞 | C14: 生物材料 | D14: 金 | E14: 12 | F14: 2 | G14: 3 | H14: =VLOOKUP(F14*G14,$T$3:$U$11,2,FALSE) -> 0.88 | I14: =ROUND(F14*G14*J14*H14,0) -> 529172 | J14: =ROUND(VLOOKUP(D14,[1]物品容器!$T$3:$U$8,2,FALSE)*M14,0) -> 100222 | K14: =ROUND(J14*H14,0) -> 88195 | L14: =ROUND($I14*L$2,0) -> 317503 | M14: 1.00222 | N14: =ROUND($I14*N$2,0) -> 79376 | O14: =ROUND($I14*O$2,0) -> 7937580 | P14: =L14*1.5% -> 4762.545 | Q14: =ROUND((O14-N14)*$Q$2,0) -> 26368 | R14: 深渊古龙的鳞甲碎片，质地坚不可摧，自带稳固的守护气息。 | S14: =VLOOKUP(B14,$AD:$AE,2,FALSE) -> 160020041 | AD14: 改名卡 | AE14: 201
A15: 13 | B15: 炎羽龙皮 | C15: 生物材料 | D15: 金 | E15: 13 | F15: 1 | G15: 2 | H15: =VLOOKUP(F15*G15,$T$3:$U$11,2,FALSE) -> 0.97 | I15: =ROUND(F15*G15*J15*H15,0) -> 192590 | J15: =ROUND(VLOOKUP(D15,[1]物品容器!$T$3:$U$8,2,FALSE)*M15,0) -> 99273 | K15: =ROUND(J15*H15,0) -> 96295 | L15: =ROUND($I15*L$2,0) -> 115554 | M15: 0.99273 | N15: =ROUND($I15*N$2,0) -> 28889 | O15: =ROUND($I15*O$2,0) -> 2888850 | P15: =L15*1.5% -> 1733.31 | Q15: =ROUND((O15-N15)*$Q$2,0) -> 9597 | R15: 炎翼巨龙的翎羽下皮层，坚韧耐热，蕴含着微弱的炎属性本源。 | S15: =VLOOKUP(B15,$AD:$AE,2,FALSE) -> 160020042 | AD15: 新手战备令 | AE15: 1001
A16: 14 | B16: 细密蛛丝 | C16: 生物材料 | D16: 紫 | E16: 14 | F16: 2 | G16: 2 | H16: =VLOOKUP(F16*G16,$T$3:$U$11,2,FALSE) -> 0.91 | I16: =ROUND(F16*G16*J16*H16,0) -> 109611 | J16: =ROUND(VLOOKUP(D16,[1]物品容器!$T$3:$U$8,2,FALSE)*M16,0) -> 30113 | K16: =ROUND(J16*H16,0) -> 27403 | L16: =ROUND($I16*L$2,0) -> 65767 | M16: 1.00377 | N16: =ROUND($I16*N$2,0) -> 16442 | O16: =ROUND($I16*O$2,0) -> 1644165 | P16: =L16*1.5% -> 986.505 | Q16: =ROUND((O16-N16)*$Q$2,0) -> 5462 | R16: 灵蛛吐出的丝线，纤细却强韧，是制作轻韧装备的优质材料。 | S16: =VLOOKUP(B16,$AD:$AE,2,FALSE) -> 160020032 | AD16: 标准战备令 | AE16: 1002
A17: 15 | B17: 幻角兽血 | C17: 生物材料 | D17: 紫 | E17: 15 | F17: 1 | G17: 1 | H17: =VLOOKUP(F17*G17,$T$3:$U$11,2,FALSE) -> 1 | I17: =ROUND(F17*G17*J17*H17,0) -> 29773 | J17: =ROUND(VLOOKUP(D17,[1]物品容器!$T$3:$U$8,2,FALSE)*M17,0) -> 29773 | K17: =ROUND(J17*H17,0) -> 29773 | L17: =ROUND($I17*L$2,0) -> 17864 | M17: 0.99244 | N17: =ROUND($I17*N$2,0) -> 4466 | O17: =ROUND($I17*O$2,0) -> 446595 | P17: =L17*1.5% -> 267.96 | Q17: =ROUND((O17-N17)*$Q$2,0) -> 1484 | R17: 幻角异兽体内的精纯血液，生机旺盛，流转着鲜活的生命能量。 | S17: =VLOOKUP(B17,$AD:$AE,2,FALSE) -> 160020033 | AD17: 精英战备令 | AE17: 1003
A18: 16 | B18: 岩犀厚甲片 | C18: 生物材料 | D18: 紫 | E18: 16 | F18: 2 | G18: 2 | H18: =VLOOKUP(F18*G18,$T$3:$U$11,2,FALSE) -> 0.91 | I18: =ROUND(F18*G18*J18*H18,0) -> 109284 | J18: =ROUND(VLOOKUP(D18,[1]物品容器!$T$3:$U$8,2,FALSE)*M18,0) -> 30023 | K18: =ROUND(J18*H18,0) -> 27321 | L18: =ROUND($I18*L$2,0) -> 65570 | M18: 1.00075 | N18: =ROUND($I18*N$2,0) -> 16393 | O18: =ROUND($I18*O$2,0) -> 1639260 | P18: =L18*1.5% -> 983.55 | Q18: =ROUND((O18-N18)*$Q$2,0) -> 5445 | R18: 岩犀体表的厚重甲片，质地坚硬，防御性能出众。 | S18: =VLOOKUP(B18,$AD:$AE,2,FALSE) -> 160020034 | AD18: 卫队长 | AE18: 100100
A19: 17 | B19: 紫杉木 | C19: 生物材料 | D19: 紫 | E19: 17 | F19: 1 | G19: 2 | H19: =VLOOKUP(F19*G19,$T$3:$U$11,2,FALSE) -> 0.97 | I19: =ROUND(F19*G19*J19*H19,0) -> 58524 | J19: =ROUND(VLOOKUP(D19,[1]物品容器!$T$3:$U$8,2,FALSE)*M19,0) -> 30167 | K19: =ROUND(J19*H19,0) -> 29262 | L19: =ROUND($I19*L$2,0) -> 35114 | M19: 1.00557 | N19: =ROUND($I19*N$2,0) -> 8779 | O19: =ROUND($I19*O$2,0) -> 877860 | P19: =L19*1.5% -> 526.71 | Q19: =ROUND((O19-N19)*$Q$2,0) -> 2916 | R19: 质地坚韧的珍稀木料，弹性极佳，是打造兵器的上佳材料。 | S19: =VLOOKUP(B19,$AD:$AE,2,FALSE) -> 160020035 | AD19: 暗夜女王 | AE19: 100200
A20: 18 | B20: 韧化藤蔓丝 | C20: 生物材料 | D20: 蓝 | E20: 18 | F20: 1 | G20: 1 | H20: =VLOOKUP(F20*G20,$T$3:$U$11,2,FALSE) -> 1 | I20: =ROUND(F20*G20*J20*H20,0) -> 9909 | J20: =ROUND(VLOOKUP(D20,[1]物品容器!$T$3:$U$8,2,FALSE)*M20,0) -> 9909 | K20: =ROUND(J20*H20,0) -> 9909 | L20: =ROUND($I20*L$2,0) -> 5945 | M20: 0.9909 | N20: =ROUND($I20*N$2,0) -> 1486 | O20: =ROUND($I20*O$2,0) -> 148635 | P20: =L20*1.5% -> 89.175 | Q20: =ROUND((O20-N20)*$Q$2,0) -> 494 | R20: 经自然之力淬炼的藤蔓纤维，柔韧度远超普通植物纤维。 | S20: =VLOOKUP(B20,$AD:$AE,2,FALSE) -> 160020022 | AD20: 海潮祭司 | AE20: 100300
A21: 19 | B21: 穿山甲鳞甲 | C21: 生物材料 | D21: 蓝 | E21: 19 | F21: 2 | G21: 3 | H21: =VLOOKUP(F21*G21,$T$3:$U$11,2,FALSE) -> 0.88 | I21: =ROUND(F21*G21*J21*H21,0) -> 53022 | J21: =ROUND(VLOOKUP(D21,[1]物品容器!$T$3:$U$8,2,FALSE)*M21,0) -> 10042 | K21: =ROUND(J21*H21,0) -> 8837 | L21: =ROUND($I21*L$2,0) -> 31813 | M21: 1.00423 | N21: =ROUND($I21*N$2,0) -> 7953 | O21: =ROUND($I21*O$2,0) -> 795330 | P21: =L21*1.5% -> 477.195 | Q21: =ROUND((O21-N21)*$Q$2,0) -> 2642 | R21: 穿山甲的坚硬鳞片，轻薄坚韧，适合制作轻型防护装备。 | S21: =VLOOKUP(B21,$AD:$AE,2,FALSE) -> 160020023 | AD21: 蝶女 | AE21: 100400
A22: 20 | B22: 硬质橡木 | C22: 生物材料 | D22: 蓝 | E22: 20 | F22: 1 | G22: 2 | H22: =VLOOKUP(F22*G22,$T$3:$U$11,2,FALSE) -> 0.97 | I22: =ROUND(F22*G22*J22*H22,0) -> 19289 | J22: =ROUND(VLOOKUP(D22,[1]物品容器!$T$3:$U$8,2,FALSE)*M22,0) -> 9943 | K22: =ROUND(J22*H22,0) -> 9645 | L22: =ROUND($I22*L$2,0) -> 11573 | M22: 0.99429 | N22: =ROUND($I22*N$2,0) -> 2893 | O22: =ROUND($I22*O$2,0) -> 289335 | P22: =L22*1.5% -> 173.595 | Q22: =ROUND((O22-N22)*$Q$2,0) -> 961 | R22: 质地密实的普通优质木料，是新手阶段打造装备的常用主材。 | S22: =VLOOKUP(B22,$AD:$AE,2,FALSE) -> 160020024 | AD22: 虫母 | AE22: 100500
A23: 21 | B23: 林地浆果 | C23: 生物材料 | D23: 蓝 | E23: 21 | F23: 1 | G23: 1 | H23: =VLOOKUP(F23*G23,$T$3:$U$11,2,FALSE) -> 1 | I23: =ROUND(F23*G23*J23*H23,0) -> 9931 | J23: =ROUND(VLOOKUP(D23,[1]物品容器!$T$3:$U$8,2,FALSE)*M23,0) -> 9931 | K23: =ROUND(J23*H23,0) -> 9931 | L23: =ROUND($I23*L$2,0) -> 5959 | M23: 0.9931 | N23: =ROUND($I23*N$2,0) -> 1490 | O23: =ROUND($I23*O$2,0) -> 148965 | P23: =L23*1.5% -> 89.385 | Q23: =ROUND((O23-N23)*$Q$2,0) -> 495 | R23: 林间常见的野生浆果，可作为基础炼药的初级材料。 | S23: =VLOOKUP(B23,$AD:$AE,2,FALSE) -> 160020025 | AD23: 海潮祭司 | AE23: 100600
... A70: 68 | B70: 麻衣围裙 | C70: 生活物品 | D70: 绿 | E70: 35 | F70: 2 | G70: 2 | H70: =VLOOKUP(F70*G70,$T$3:$U$11,2,FALSE) -> 0.91 | I70: =ROUND(F70*G70*J70*H70,0) -> 11029 | J70: =ROUND(VLOOKUP(D70,[1]物品容器!$T$3:$U$8,2,FALSE)*M70,0) -> 3030 | K70: =ROUND(J70*H70,0) -> 2757 | L70: =ROUND($I70*L$2,0) -> 6617 | M70: 1.00985 | N70: =ROUND($I70*N$2,0) -> 1654 | O70: =ROUND($I70*O$2,0) -> 165435 | P70: =L70*1.5% -> 99.255 | Q70: =ROUND((O70-N70)*$Q$2,0) -> 550 | R70: 烹饪时穿戴，防止衣物沾染油污。 | S70: =VLOOKUP(B70,$AD:$AE,2,FALSE) -> 160060015 | AD70: 大回复药 | AE70: 150000003
A71: 69 | B71: 编织草垫 | C71: 生活物品 | D71: 绿 | E71: 36 | F71: 2 | G71: 2 | H71: =VLOOKUP(F71*G71,$T$3:$U$11,2,FALSE) -> 0.91 | I71: =ROUND(F71*G71*J71*H71,0) -> 10953 | J71: =ROUND(VLOOKUP(D71,[1]物品容器!$T$3:$U$8,2,FALSE)*M71,0) -> 3009 | K71: =ROUND(J71*H71,0) -> 2738 | L71: =ROUND($I71*L$2,0) -> 6572 | M71: 1.003 | N71: =ROUND($I71*N$2,0) -> 1643 | O71: =ROUND($I71*O$2,0) -> 164295 | P71: =L71*1.5% -> 98.58 | Q71: =ROUND((O71-N71)*$Q$2,0) -> 546 | R71: 干草编织而成，可铺垫坐卧，简易实用。 | S71: =VLOOKUP(B71,$AD:$AE,2,FALSE) -> 160060016 | AD71: 小通用武器维修 | AE71: 151000001 | AF71: =_xlfn.TEXTJOIN(",",TRUE,AE71:AE76) -> 151000001,151000002,151000003,152000001,152000002,152000003
A72: 70 | B72: 食盐 | C72: 生活物品 | D72: 绿 | E72: 37 | F72: 1 | G72: 1 | H72: =VLOOKUP(F72*G72,$T$3:$U$11,2,FALSE) -> 1 | I72: =ROUND(F72*G72*J72*H72,0) -> 2977 | J72: =ROUND(VLOOKUP(D72,[1]物品容器!$T$3:$U$8,2,FALSE)*M72,0) -> 2977 | K72: =ROUND(J72*H72,0) -> 2977 | L72: =ROUND($I72*L$2,0) -> 1786 | M72: 0.99218 | N72: =ROUND($I72*N$2,0) -> 447 | O72: =ROUND($I72*O$2,0) -> 44655 | P72: =L72*1.5% -> 26.79 | Q72: =ROUND((O72-N72)*$Q$2,0) -> 148 | R72: 基础调味品，提味增鲜，烹饪必备。 | S72: =VLOOKUP(B72,$AD:$AE,2,FALSE) -> 160060017 | AD72: 中通用武器维修 | AE72: 151000002
A73: 71 | B73: 麦香面包 | C73: 生活物品 | D73: 绿 | E73: 38 | F73: 1 | G73: 1 | H73: =VLOOKUP(F73*G73,$T$3:$U$11,2,FALSE) -> 1 | I73: =ROUND(F73*G73*J73*H73,0) -> 3004 | J73: =ROUND(VLOOKUP(D73,[1]物品容器!$T$3:$U$8,2,FALSE)*M73,0) -> 3004 | K73: =ROUND(J73*H73,0) -> 3004 | L73: =ROUND($I73*L$2,0) -> 1802 | M73: 1.00125 | N73: =ROUND($I73*N$2,0) -> 451 | O73: =ROUND($I73*O$2,0) -> 45060 | P73: =L73*1.5% -> 27.03 | Q73: =ROUND((O73-N73)*$Q$2,0) -> 150 | R73: 基础主食，松软饱腹，日常食用。 | S73: =VLOOKUP(B73,$AD:$AE,2,FALSE) -> 160060018 | AD73: 大通用武器维修 | AE73: 151000003
A74: 72 | B74: 水壶 | C74: 生活物品 | D74: 绿 | E74: 39 | F74: 1 | G74: 1 | H74: =VLOOKUP(F74*G74,$T$3:$U$11,2,FALSE) -> 1 | I74: =ROUND(F74*G74*J74*H74,0) -> 2980 | J74: =ROUND(VLOOKUP(D74,[1]物品容器!$T$3:$U$8,2,FALSE)*M74,0) -> 2980 | K74: =ROUND(J74*H74,0) -> 2980 | L74: =ROUND($I74*L$2,0) -> 1788 | M74: 0.99322 | N74: =ROUND($I74*N$2,0) -> 447 | O74: =ROUND($I74*O$2,0) -> 44700 | P74: =L74*1.5% -> 26.82 | Q74: =ROUND((O74-N74)*$Q$2,0) -> 148 | R74: 普通盛水器具，用于外出携带饮水。 | S74: =VLOOKUP(B74,$AD:$AE,2,FALSE) -> 160060019 | AD74: 小通用防具维修 | AE74: 152000001
A75: 73 | B75: 淡酒 | C75: 生活物品 | D75: 绿 | E75: 40 | F75: 1 | G75: 2 | H75: =VLOOKUP(F75*G75,$T$3:$U$11,2,FALSE) -> 0.97 | I75: =ROUND(F75*G75*J75*H75,0) -> 5773 | J75: =ROUND(VLOOKUP(D75,[1]物品容器!$T$3:$U$8,2,FALSE)*M75,0) -> 2976 | K75: =ROUND(J75*H75,0) -> 2887 | L75: =ROUND($I75*L$2,0) -> 3464 | M75: 0.992 | N75: =ROUND($I75*N$2,0) -> 866 | O75: =ROUND($I75*O$2,0) -> 86595 | P75: =L75*1.5% -> 51.96 | Q75: =ROUND((O75-N75)*$Q$2,0) -> 288 | R75: 度数极低的酒液，口感清淡，不易醉人。 | S75: =VLOOKUP(B75,$AD:$AE,2,FALSE) -> 160060020 | AD75: 中通用防具维修 | AE75: 152000002
A76: 74 | B76: 擦布 | C76: 生活物品 | D76: 绿 | E76: 41 | F76: 1 | G76: 1 | H76: =VLOOKUP(F76*G76,$T$3:$U$11,2,FALSE) -> 1 | I76: =ROUND(F76*G76*J76*H76,0) -> 3009 | J76: =ROUND(VLOOKUP(D76,[1]物品容器!$T$3:$U$8,2,FALSE)*M76,0) -> 3009 | K76: =ROUND(J76*H76,0) -> 3009 | L76: =ROUND($I76*L$2,0) -> 1805 | M76: 1.003 | N76: =ROUND($I76*N$2,0) -> 451 | O76: =ROUND($I76*O$2,0) -> 45135 | P76: =L76*1.5% -> 27.075 | Q76: =ROUND((O76-N76)*$Q$2,0) -> 150 | R76: 棉质布料，用于擦拭桌面、餐具。 | S76: =VLOOKUP(B76,$AD:$AE,2,FALSE) -> 160060021 | AD76: 大通用防具维修 | AE76: 152000003
A77: 75 | B77: 实木餐盘 | C77: 生活物品 | D77: 绿 | E77: 42 | F77: 2 | G77: 2 | H77: =VLOOKUP(F77*G77,$T$3:$U$11,2,FALSE) -> 0.91 | I77: =ROUND(F77*G77*J77*H77,0) -> 11015 | J77: =ROUND(VLOOKUP(D77,[1]物品容器!$T$3:$U$8,2,FALSE)*M77,0) -> 3026 | K77: =ROUND(J77*H77,0) -> 2754 | L77: =ROUND($I77*L$2,0) -> 6609 | M77: 1.00875 | N77: =ROUND($I77*N$2,0) -> 1652 | O77: =ROUND($I77*O$2,0) -> 165225 | P77: =L77*1.5% -> 99.135 | Q77: =ROUND((O77-N77)*$Q$2,0) -> 549 | R77: 实木制成，用于盛放食物、蔬果。 | S77: =VLOOKUP(B77,$AD:$AE,2,FALSE) -> 160060022 | AD77: 地图1测试钥匙 | AE77: 153010001
A78: 76 | B78: 老旧油灯 | C78: 生活物品 | D78: 绿 | E78: 43 | F78: 2 | G78: 2 | H78: =VLOOKUP(F78*G78,$T$3:$U$11,2,FALSE) -> 0.91 | I78: =ROUND(F78*G78*J78*H78,0) -> 10949 | J78: =ROUND(VLOOKUP(D78,[1]物品容器!$T$3:$U$8,2,FALSE)*M78,0) -> 3008 | K78: =ROUND(J78*H78,0) -> 2737 | L78: =ROUND($I78*L$2,0) -> 6569 | M78: 1.00277 | N78: =ROUND($I78*N$2,0) -> 1642 | O78: =ROUND($I78*O$2,0) -> 164235 | P78: =L78*1.5% -> 98.535 | Q78: =ROUND((O78-N78)*$Q$2,0) -> 546 | R78: 使用已久的旧油灯，照明效果一般，仍可使用。 | S78: =VLOOKUP(B78,$AD:$AE,2,FALSE) -> 160060023 | AD78: 地图2测试钥匙 | AE78: 153020001
A79: 77 | B79: 杂粮饼干 | C79: 生活物品 | D79: 绿 | E79: 44 | F79: 1 | G79: 1 | H79: =VLOOKUP(F79*G79,$T$3:$U$11,2,FALSE) -> 1 | I79: =ROUND(F79*G79*J79*H79,0) -> 3002 | J79: =ROUND(VLOOKUP(D79,[1]物品容器!$T$3:$U$8,2,FALSE)*M79,0) -> 3002 | K79: =ROUND(J79*H79,0) -> 3002 | L79: =ROUND($I79*L$2,0) -> 1801 | M79: 1.00076 | N79: =ROUND($I79*N$2,0) -> 450 | O79: =ROUND($I79*O$2,0) -> 45030 | P79: =L79*1.5% -> 27.015 | Q79: =ROUND((O79-N79)*$Q$2,0) -> 150 | R79: 谷物压制的饼食，耐储存，便携充饥。 | S79: =VLOOKUP(B79,$AD:$AE,2,FALSE) -> 160060024 | AD79: 地图3测试钥匙 | AE79: 153030001
A80: 78 | B80: 日晒果干 | C80: 生活物品 | D80: 绿 | E80: 45 | F80: 1 | G80: 1 | H80: =VLOOKUP(F80*G80,$T$3:$U$11,2,FALSE) -> 1 | I80: =ROUND(F80*G80*J80*H80,0) -> 2970 | J80: =ROUND(VLOOKUP(D80,[1]物品容器!$T$3:$U$8,2,FALSE)*M80,0) -> 2970 | K80: =ROUND(J80*H80,0) -> 2970 | L80: =ROUND($I80*L$2,0) -> 1782 | M80: 0.99012 | N80: =ROUND($I80*N$2,0) -> 446 | O80: =ROUND($I80*O$2,0) -> 44550 | P80: =L80*1.5% -> 26.73 | Q80: =ROUND((O80-N80)*$Q$2,0) -> 148 | R80: 鲜果脱水制成，保留甜味，方便存放食用。 | S80: =VLOOKUP(B80,$AD:$AE,2,FALSE) -> 160060025 | AD80: 青铜矿 | AE80: 160010001
A81: 79 | B81: 旧油灯 | C81: 生活物品 | D81: 白 | E81: 46 | F81: 2 | G81: 3 | H81: =VLOOKUP(F81*G81,$T$3:$U$11,2,FALSE) -> 0.88 | I81: =ROUND(F81*G81*J81*H81,0) -> 5232 | J81: =ROUND(VLOOKUP(D81,[1]物品容器!$T$3:$U$8,2,FALSE)*M81,0) -> 991 | K81: =ROUND(J81*H81,0) -> 872 | L81: =ROUND($I81*L$2,0) -> 3139 | M81: 0.99096 | N81: =ROUND($I81*N$2,0) -> 785 | O81: =ROUND($I81*O$2,0) -> 78480 | P81: =L81*1.5% -> 47.085 | Q81: =ROUND((O81-N81)*$Q$2,0) -> 261 | R81: 灯身布满烟熏痕迹与斑驳锈迹，灯芯焦枯蜷曲，散发出陈旧而暗沉的油烟气息。 | S81: =VLOOKUP(B81,$AD:$AE,2,FALSE) -> 160060001 | AD81: 铁矿 | AE81: 160010002
A82: 80 | B82: 鲜牛乳 | C82: 生活物品 | D82: 白 | E82: 47 | F82: 1 | G82: 1 | H82: =VLOOKUP(F82*G82,$T$3:$U$11,2,FALSE) -> 1 | I82: =ROUND(F82*G82*J82*H82,0) -> 1008 | J82: =ROUND(VLOOKUP(D82,[1]物品容器!$T$3:$U$8,2,FALSE)*M82,0) -> 1008 | K82: =ROUND(J82*H82,0) -> 1008 | L82: =ROUND($I82*L$2,0) -> 605 | M82: 1.00786 | N82: =ROUND($I82*N$2,0) -> 151 | O82: =ROUND($I82*O$2,0) -> 15120 | P82: =L82*1.5% -> 9.075 | Q82: =ROUND((O82-N82)*$Q$2,0) -> 50 | R82: 生鲜牛乳，营养温润，可直接饮用。 | S82: =VLOOKUP(B82,$AD:$AE,2,FALSE) -> 160060007 | AD82: 高原锰石 | AE82: 160010003
A83: 81 | B83: 破旧衣物 | C83: 生活物品 | D83: 白 | E83: 48 | F83: 3 | G83: 3 | H83: =VLOOKUP(F83*G83,$T$3:$U$11,2,FALSE) -> 0.8 | I83: =ROUND(F83*G83*J83*H83,0) -> 7193 | J83: =ROUND(VLOOKUP(D83,[1]物品容器!$T$3:$U$8,2,FALSE)*M83,0) -> 999 | K83: =ROUND(J83*H83,0) -> 799 | L83: =ROUND($I83*L$2,0) -> 4316 | M83: 0.99879 | N83: =ROUND($I83*N$2,0) -> 1079 | O83: =ROUND($I83*O$2,0) -> 107895 | P83: =L83*1.5% -> 64.74 | Q83: =ROUND((O83-N83)*$Q$2,0) -> 358 | R83: 布料多处磨损撕裂，沾染尘污与霉斑，纤维松散破旧，带着尘封已久的暗沉气息。 | S83: =VLOOKUP(B83,$AD:$AE,2,FALSE) -> 160060002 | AD83: 赤纹铜矿 | AE83: 160010004
... A423: 421 | B423: 世界之牌 | C423: 艺术古董 | D423: 白 | E423: 127 | F423: 1 | G423: 1 | H423: =VLOOKUP(F423*G423,$T$3:$U$11,2,FALSE) -> 1 | I423: =ROUND(F423*G423*J423*H423,0) -> 1007 | J423: =ROUND(VLOOKUP(D423,[1]物品容器!$T$3:$U$8,2,FALSE)*M423,0) -> 1007 | K423: =ROUND(J423*H423,0) -> 1007 | L423: =ROUND($I423*L$2,0) -> 604 | M423: 1.00727 | N423: =ROUND($I423*N$2,0) -> 151 | O423: =ROUND($I423*O$2,0) -> 15105 | P423: =L423*1.5% -> 9.06 | Q423: =ROUND((O423-N423)*$Q$2,0) -> 50 | R423: 完整与终结的象征，有人说它意味着“一切已经完成”。 | S423: =VLOOKUP(B423,$AD:$AE,2,FALSE) -> 160050022 | AD423: 帝国荣誉勋章套组 | AE423: 160050127
A424: 422 | B424: 红剑 | C424: 武器 | D424: 红 | E424: 1 | F424: 5 | G424: 2 | H424: =VLOOKUP(F424*G424,$T$3:$U$11,2,FALSE) -> 0.75 | I424: =ROUND(F424*G424*J424*H424,0) -> 1130963 | J424: =ROUND(VLOOKUP(D424,[1]物品容器!$T$3:$U$8,2,FALSE)*M424,0)*0.5 -> 150795 | K424: =ROUND(J424*H424,0) -> 113096 | L424: =ROUND($I424*L$2,0) -> 678578 | M424: 1.0053 | N424: =ROUND($I424*N$2,0) -> 169644 | O424: =ROUND($I424*O$2,0) -> 16964445 | P424: =L424*1.5% -> 10178.67 | Q424: =ROUND((O424-N424)*$Q$2,0) -> 56355 | R424: 以锋刃为核心的近战武器，攻守均衡，适配绝大多数近战职业，是最经典的武器类型。 | S424: =VLOOKUP(B424,$AD:$AE,2,FALSE) -> 230010500 | AD424: 旧油灯 | AE424: 160060001
A425: 423 | B425: 红弓 | C425: 武器 | D425: 红 | E425: 2 | F425: 4 | G425: 2 | H425: =VLOOKUP(F425*G425,$T$3:$U$11,2,FALSE) -> 0.84 | I425: =ROUND(F425*G425*J425*H425,0) -> 1014149 | J425: =ROUND(VLOOKUP(D425,[1]物品容器!$T$3:$U$8,2,FALSE)*M425,0)*0.5 -> 150915 | K425: =ROUND(J425*H425,0) -> 126769 | L425: =ROUND($I425*L$2,0) -> 608489 | M425: 1.0061 | N425: =ROUND($I425*N$2,0) -> 152122 | O425: =ROUND($I425*O$2,0) -> 15212235 | P425: =L425*1.5% -> 9127.335 | Q425: =ROUND((O425-N425)*$Q$2,0) -> 50534 | R425: 以箭矢为媒介的远程武器，射程极远，主打精准打击与持续输出，是远程物理系的核心选择。 | S425: =VLOOKUP(B425,$AD:$AE,2,FALSE) -> 230070500 | AD425: 破旧衣物 | AE425: 160060002
A426: 424 | B426: 红长枪 | C426: 武器 | D426: 红 | E426: 3 | F426: 5 | G426: 2 | H426: =VLOOKUP(F426*G426,$T$3:$U$11,2,FALSE) -> 0.75 | I426: =ROUND(F426*G426*J426*H426,0) -> 1134900 | J426: =ROUND(VLOOKUP(D426,[1]物品容器!$T$3:$U$8,2,FALSE)*M426,0)*0.5 -> 151320 | K426: =ROUND(J426*H426,0) -> 113490 | L426: =ROUND($I426*L$2,0) -> 680940 | M426: 1.0088 | N426: =ROUND($I426*N$2,0) -> 170235 | O426: =ROUND($I426*O$2,0) -> 17023500 | P426: =L426*1.5% -> 10214.1 | Q426: =ROUND((O426-N426)*$Q$2,0) -> 56551 | R426: 以长柄为优势的穿刺类武器，攻击距离长，爆发力强，擅长正面突刺与范围压制。 | S426: =VLOOKUP(B426,$AD:$AE,2,FALSE) -> 230030500 | AD426: 针线盒 | AE426: 160060003
A427: 425 | B427: 红法杖 | C427: 武器 | D427: 红 | E427: 4 | F427: 4 | G427: 2 | H427: =VLOOKUP(F427*G427,$T$3:$U$11,2,FALSE) -> 0.84 | I427: =ROUND(F427*G427*J427*H427,0) -> 1007698 | J427: =ROUND(VLOOKUP(D427,[1]物品容器!$T$3:$U$8,2,FALSE)*M427,0)*0.5 -> 149955 | K427: =ROUND(J427*H427,0) -> 125962 | L427: =ROUND($I427*L$2,0) -> 604619 | M427: 0.9997 | N427: =ROUND($I427*N$2,0) -> 151155 | O427: =ROUND($I427*O$2,0) -> 15115470 | P427: =L427*1.5% -> 9069.285 | Q427: =ROUND((O427-N427)*$Q$2,0) -> 50212 | R427: 以魔力为核心的施法武器，大幅提升法术强度与施法效率，是法系职业的专属武器。 | S427: =VLOOKUP(B427,$AD:$AE,2,FALSE) -> 230050500 | AD427: 日记 | AE427: 160060004
A428: 426 | B428: 红法球 | C428: 武器 | D428: 红 | E428: 5 | F428: 3 | G428: 3 | H428: =VLOOKUP(F428*G428,$T$3:$U$11,2,FALSE) -> 0.8 | I428: =ROUND(F428*G428*J428*H428,0) -> 1081296 | J428: =ROUND(VLOOKUP(D428,[1]物品容器!$T$3:$U$8,2,FALSE)*M428,0)*0.5 -> 150180 | K428: =ROUND(J428*H428,0) -> 120144 | L428: =ROUND($I428*L$2,0) -> 648778 | M428: 1.0012 | N428: =ROUND($I428*N$2,0) -> 162194 | O428: =ROUND($I428*O$2,0) -> 16219440 | P428: =L428*1.5% -> 9731.67 | Q428: =ROUND((O428-N428)*$Q$2,0) -> 53880 | R428: 以元素为载体的施法武器，可灵活操控元素能量，适配多种法系流派，泛用性极强。 | S428: =VLOOKUP(B428,$AD:$AE,2,FALSE) -> 230060500 | AD428: 破旧的斧子 | AE428: 160060005
A429: 427 | B429: 红巨斧 | C429: 武器 | D429: 红 | E429: 6 | F429: 4 | G429: 2 | H429: =VLOOKUP(F429*G429,$T$3:$U$11,2,FALSE) -> 0.84 | I429: =ROUND(F429*G429*J429*H429,0) -> 1017778 | J429: =ROUND(VLOOKUP(D429,[1]物品容器!$T$3:$U$8,2,FALSE)*M429,0)*0.5 -> 151455 | K429: =ROUND(J429*H429,0) -> 127222 | L429: =ROUND($I429*L$2,0) -> 610667 | M429: 1.0097 | N429: =ROUND($I429*N$2,0) -> 152667 | O429: =ROUND($I429*O$2,0) -> 15266670 | P429: =L429*1.5% -> 9160.005 | Q429: =ROUND((O429-N429)*$Q$2,0) -> 50715 | R429: 以重量为优势的重型近战武器，破坏力拉满，主打高爆发与破甲，是狂战士的标志性武器。 | S429: =VLOOKUP(B429,$AD:$AE,2,FALSE) -> 230020500 | AD429: 简易指南针 | AE429: 160060006
A430: 428 | B430: 红双刀 | C430: 武器 | D430: 红 | E430: 7 | F430: 4 | G430: 2 | H430: =VLOOKUP(F430*G430,$T$3:$U$11,2,FALSE) -> 0.84 | I430: =ROUND(F430*G430*J430*H430,0) -> 1003565 | J430: =ROUND(VLOOKUP(D430,[1]物品容器!$T$3:$U$8,2,FALSE)*M430,0)*0.5 -> 149340 | K430: =ROUND(J430*H430,0) -> 125446 | L430: =ROUND($I430*L$2,0) -> 602139 | M430: 0.9956 | N430: =ROUND($I430*N$2,0) -> 150535 | O430: =ROUND($I430*O$2,0) -> 15053475 | P430: =L430*1.5% -> 9032.085 | Q430: =ROUND((O430-N430)*$Q$2,0) -> 50007 | R430: 以攻速为核心的双持近战武器，攻速极快，连招灵活，擅长持续输出与灵活突进。 | S430: =VLOOKUP(B430,$AD:$AE,2,FALSE) -> 230040500 | AD430: 鲜牛乳 | AE430: 160060007
A431: 429 | B431: 金剑 | C431: 武器 | D431: 金 | E431: 8 | F431: 5 | G431: 2 | H431: =VLOOKUP(F431*G431,$T$3:$U$11,2,FALSE) -> 0.75 | I431: =ROUND(F431*G431*J431*H431,0) -> 375413 | J431: =ROUND(VLOOKUP(D431,[1]物品容器!$T$3:$U$8,2,FALSE)*M431,0)*0.5 -> 50055 | K431: =ROUND(J431*H431,0) -> 37541 | L431: =ROUND($I431*L$2,0) -> 225248 | M431: 1.0011 | N431: =ROUND($I431*N$2,0) -> 56312 | O431: =ROUND($I431*O$2,0) -> 5631195 | P431: =L431*1.5% -> 3378.72 | Q431: =ROUND((O431-N431)*$Q$2,0) -> 18706 | R431: 以锋刃为核心的近战武器，攻守均衡，适配绝大多数近战职业，是最经典的武器类型。 | S431: =VLOOKUP(B431,$AD:$AE,2,FALSE) -> 230010400 | AD431: 山泉水 | AE431: 160060008
A432: 430 | B432: 金弓 | C432: 武器 | D432: 金 | E432: 9 | F432: 4 | G432: 2 | H432: =VLOOKUP(F432*G432,$T$3:$U$11,2,FALSE) -> 0.84 | I432: =ROUND(F432*G432*J432*H432,0) -> 336000 | J432: =ROUND(VLOOKUP(D432,[1]物品容器!$T$3:$U$8,2,FALSE)*M432,0)*0.5 -> 50000 | K432: =ROUND(J432*H432,0) -> 42000 | L432: =ROUND($I432*L$2,0) -> 201600 | M432: 1 | N432: =ROUND($I432*N$2,0) -> 50400 | O432: =ROUND($I432*O$2,0) -> 5040000 | P432: =L432*1.5% -> 3024 | Q432: =ROUND((O432-N432)*$Q$2,0) -> 16743 | R432: 以箭矢为媒介的远程武器，射程极远，主打精准打击与持续输出，是远程物理系的核心选择。 | S432: =VLOOKUP(B432,$AD:$AE,2,FALSE) -> 230070400 | AD432: 小熊玩偶 | AE432: 160060009
A433: 431 | B433: 金长枪 | C433: 武器 | D433: 金 | E433: 10 | F433: 5 | G433: 2 | H433: =VLOOKUP(F433*G433,$T$3:$U$11,2,FALSE) -> 0.75 | I433: =ROUND(F433*G433*J433*H433,0) -> 378000 | J433: =ROUND(VLOOKUP(D433,[1]物品容器!$T$3:$U$8,2,FALSE)*M433,0)*0.5 -> 50400 | K433: =ROUND(J433*H433,0) -> 37800 | L433: =ROUND($I433*L$2,0) -> 226800 | M433: 1.008 | N433: =ROUND($I433*N$2,0) -> 56700 | O433: =ROUND($I433*O$2,0) -> 5670000 | P433: =L433*1.5% -> 3402 | Q433: =ROUND((O433-N433)*$Q$2,0) -> 18835 | R433: 以长柄为优势的穿刺类武器，攻击距离长，爆发力强，擅长正面突刺与范围压制。 | S433: =VLOOKUP(B433,$AD:$AE,2,FALSE) -> 230030400 | AD433: 铜杯 | AE433: 160060010
A434: 432 | B434: 金法杖 | C434: 武器 | D434: 金 | E434: 11 | F434: 4 | G434: 2 | H434: =VLOOKUP(F434*G434,$T$3:$U$11,2,FALSE) -> 0.84 | I434: =ROUND(F434*G434*J434*H434,0) -> 337915 | J434: =ROUND(VLOOKUP(D434,[1]物品容器!$T$3:$U$8,2,FALSE)*M434,0)*0.5 -> 50285 | K434: =ROUND(J434*H434,0) -> 42239 | L434: =ROUND($I434*L$2,0) -> 202749 | M434: 1.0057 | N434: =ROUND($I434*N$2,0) -> 50687 | O434: =ROUND($I434*O$2,0) -> 5068725 | P434: =L434*1.5% -> 3041.235 | Q434: =ROUND((O434-N434)*$Q$2,0) -> 16838 | R434: 以魔力为核心的施法武器，大幅提升法术强度与施法效率，是法系职业的专属武器。 | S434: =VLOOKUP(B434,$AD:$AE,2,FALSE) -> 230050400 | AD434: 金属油灯 | AE434: 160060011
A435: 433 | B435: 金法球 | C435: 武器 | D435: 金 | E435: 12 | F435: 3 | G435: 3 | H435: =VLOOKUP(F435*G435,$T$3:$U$11,2,FALSE) -> 0.8 | I435: =ROUND(F435*G435*J435*H435,0) -> 362052 | J435: =ROUND(VLOOKUP(D435,[1]物品容器!$T$3:$U$8,2,FALSE)*M435,0)*0.5 -> 50285 | K435: =ROUND(J435*H435,0) -> 40228 | L435: =ROUND($I435*L$2,0) -> 217231 | M435: 1.0057 | N435: =ROUND($I435*N$2,0) -> 54308 | O435: =ROUND($I435*O$2,0) -> 5430780 | P435: =L435*1.5% -> 3258.465 | Q435: =ROUND((O435-N435)*$Q$2,0) -> 18041 | R435: 以元素为载体的施法武器，可灵活操控元素能量，适配多种法系流派，泛用性极强。 | S435: =VLOOKUP(B435,$AD:$AE,2,FALSE) -> 230060400 | AD435: 羽毛笔 | AE435: 160060012
... A451: 449 | B451: 蓝双刀 | C451: 武器 | D451: 蓝 | E451: 28 | F451: 4 | G451: 2 | H451: =VLOOKUP(F451*G451,$T$3:$U$11,2,FALSE) -> 0.84 | I451: =ROUND(F451*G451*J451*H451,0) -> 33445 | J451: =ROUND(VLOOKUP(D451,[1]物品容器!$T$3:$U$8,2,FALSE)*M451,0)*0.5 -> 4977 | K451: =ROUND(J451*H451,0) -> 4181 | L451: =ROUND($I451*L$2,0) -> 20067 | M451: 0.9954 | N451: =ROUND($I451*N$2,0) -> 5017 | O451: =ROUND($I451*O$2,0) -> 501675 | P451: =L451*1.5% -> 301.005 | Q451: =ROUND((O451-N451)*$Q$2,0) -> 1667 | R451: 以攻速为核心的双持近战武器，攻速极快，连招灵活，擅长持续输出与灵活突进。 | S451: =VLOOKUP(B451,$AD:$AE,2,FALSE) -> 230040200 | AD451: 粗麻餐巾 | AE451: 160060028
A452: 450 | B452: 绿剑 | C452: 武器 | D452: 绿 | E452: 29 | F452: 5 | G452: 2 | H452: =VLOOKUP(F452*G452,$T$3:$U$11,2,FALSE) -> 0.75 | I452: =ROUND(F452*G452*J452*H452,0) -> 22433 | J452: =ROUND(VLOOKUP(D452,[1]物品容器!$T$3:$U$8,2,FALSE)*M452,0) -> 2991 | K452: =ROUND(J452*H452,0) -> 2243 | L452: =ROUND($I452*L$2,0) -> 13460 | M452: 0.9971 | N452: =ROUND($I452*N$2,0) -> 3365 | O452: =ROUND($I452*O$2,0) -> 336495 | P452: =L452*1.5% -> 201.9 | Q452: =ROUND((O452-N452)*$Q$2,0) -> 1118 | R452: 以锋刃为核心的近战武器，攻守均衡，适配绝大多数近战职业，是最经典的武器类型。 | S452: =VLOOKUP(B452,$AD:$AE,2,FALSE) -> 230010100 | AD452: 菜刀 | AE452: 160060029
A453: 451 | B453: 绿弓 | C453: 武器 | D453: 绿 | E453: 30 | F453: 4 | G453: 2 | H453: =VLOOKUP(F453*G453,$T$3:$U$11,2,FALSE) -> 0.84 | I453: =ROUND(F453*G453*J453*H453,0) -> 20147 | J453: =ROUND(VLOOKUP(D453,[1]物品容器!$T$3:$U$8,2,FALSE)*M453,0) -> 2998 | K453: =ROUND(J453*H453,0) -> 2518 | L453: =ROUND($I453*L$2,0) -> 12088 | M453: 0.9994 | N453: =ROUND($I453*N$2,0) -> 3022 | O453: =ROUND($I453*O$2,0) -> 302205 | P453: =L453*1.5% -> 181.32 | Q453: =ROUND((O453-N453)*$Q$2,0) -> 1004 | R453: 以箭矢为媒介的远程武器，射程极远，主打精准打击与持续输出，是远程物理系的核心选择。 | S453: =VLOOKUP(B453,$AD:$AE,2,FALSE) -> 230070100 | AD453: 炭火盆 | AE453: 160060030
A454: 452 | B454: 绿长枪 | C454: 武器 | D454: 绿 | E454: 31 | F454: 5 | G454: 2 | H454: =VLOOKUP(F454*G454,$T$3:$U$11,2,FALSE) -> 0.75 | I454: =ROUND(F454*G454*J454*H454,0) -> 22418 | J454: =ROUND(VLOOKUP(D454,[1]物品容器!$T$3:$U$8,2,FALSE)*M454,0) -> 2989 | K454: =ROUND(J454*H454,0) -> 2242 | L454: =ROUND($I454*L$2,0) -> 13451 | M454: 0.9963 | N454: =ROUND($I454*N$2,0) -> 3363 | O454: =ROUND($I454*O$2,0) -> 336270 | P454: =L454*1.5% -> 201.765 | Q454: =ROUND((O454-N454)*$Q$2,0) -> 1117 | R454: 以长柄为优势的穿刺类武器，攻击距离长，爆发力强，擅长正面突刺与范围压制。 | S454: =VLOOKUP(B454,$AD:$AE,2,FALSE) -> 230030100 | AD454: 风味腌菜 | AE454: 160060031
A455: 453 | B455: 绿法杖 | C455: 武器 | D455: 绿 | E455: 32 | F455: 4 | G455: 2 | H455: =VLOOKUP(F455*G455,$T$3:$U$11,2,FALSE) -> 0.84 | I455: =ROUND(F455*G455*J455*H455,0) -> 20106 | J455: =ROUND(VLOOKUP(D455,[1]物品容器!$T$3:$U$8,2,FALSE)*M455,0) -> 2992 | K455: =ROUND(J455*H455,0) -> 2513 | L455: =ROUND($I455*L$2,0) -> 12064 | M455: 0.9972 | N455: =ROUND($I455*N$2,0) -> 3016 | O455: =ROUND($I455*O$2,0) -> 301590 | P455: =L455*1.5% -> 180.96 | Q455: =ROUND((O455-N455)*$Q$2,0) -> 1002 | R455: 以魔力为核心的施法武器，大幅提升法术强度与施法效率，是法系职业的专属武器。 | S455: =VLOOKUP(B455,$AD:$AE,2,FALSE) -> 230050100 | AD455: 小麦酒 | AE455: 160060032
A456: 454 | B456: 绿法球 | C456: 武器 | D456: 绿 | E456: 33 | F456: 3 | G456: 3 | H456: =VLOOKUP(F456*G456,$T$3:$U$11,2,FALSE) -> 0.8 | I456: =ROUND(F456*G456*J456*H456,0) -> 21550 | J456: =ROUND(VLOOKUP(D456,[1]物品容器!$T$3:$U$8,2,FALSE)*M456,0) -> 2993 | K456: =ROUND(J456*H456,0) -> 2394 | L456: =ROUND($I456*L$2,0) -> 12930 | M456: 0.9978 | N456: =ROUND($I456*N$2,0) -> 3233 | O456: =ROUND($I456*O$2,0) -> 323250 | P456: =L456*1.5% -> 193.95 | Q456: =ROUND((O456-N456)*$Q$2,0) -> 1074 | R456: 以元素为载体的施法武器，可灵活操控元素能量，适配多种法系流派，泛用性极强。 | S456: =VLOOKUP(B456,$AD:$AE,2,FALSE) -> 230060100 | AD456: 压缩干粮块 | AE456: 160060033
A457: 455 | B457: 绿巨斧 | C457: 武器 | D457: 绿 | E457: 34 | F457: 4 | G457: 2 | H457: =VLOOKUP(F457*G457,$T$3:$U$11,2,FALSE) -> 0.84 | I457: =ROUND(F457*G457*J457*H457,0) -> 20234 | J457: =ROUND(VLOOKUP(D457,[1]物品容器!$T$3:$U$8,2,FALSE)*M457,0) -> 3011 | K457: =ROUND(J457*H457,0) -> 2529 | L457: =ROUND($I457*L$2,0) -> 12140 | M457: 1.0037 | N457: =ROUND($I457*N$2,0) -> 3035 | O457: =ROUND($I457*O$2,0) -> 303510 | P457: =L457*1.5% -> 182.1 | Q457: =ROUND((O457-N457)*$Q$2,0) -> 1008 | R457: 以重量为优势的重型近战武器，破坏力拉满，主打高爆发与破甲，是狂战士的标志性武器。 | S457: =VLOOKUP(B457,$AD:$AE,2,FALSE) -> 230020100 | AD457: 雕花烛台 | AE457: 160060034
A458: 456 | B458: 绿双刀 | C458: 武器 | D458: 绿 | E458: 35 | F458: 4 | G458: 2 | H458: =VLOOKUP(F458*G458,$T$3:$U$11,2,FALSE) -> 0.84 | I458: =ROUND(F458*G458*J458*H458,0) -> 20335 | J458: =ROUND(VLOOKUP(D458,[1]物品容器!$T$3:$U$8,2,FALSE)*M458,0) -> 3026 | K458: =ROUND(J458*H458,0) -> 2542 | L458: =ROUND($I458*L$2,0) -> 12201 | M458: 1.0085 | N458: =ROUND($I458*N$2,0) -> 3050 | O458: =ROUND($I458*O$2,0) -> 305025 | P458: =L458*1.5% -> 183.015 | Q458: =ROUND((O458-N458)*$Q$2,0) -> 1013 | R458: 以攻速为核心的双持近战武器，攻速极快，连招灵活，擅长持续输出与灵活突进。 | S458: =VLOOKUP(B458,$AD:$AE,2,FALSE) -> 230040100 | AD458: 黄铜油灯 | AE458: 160060035
A459: 457 | B459: 白剑 | C459: 武器 | D459: 白 | E459: 36 | F459: 5 | G459: 2 | H459: =VLOOKUP(F459*G459,$T$3:$U$11,2,FALSE) -> 0.75 | I459: =ROUND(F459*G459*J459*H459,0) -> 7545 | J459: =ROUND(VLOOKUP(D459,[1]物品容器!$T$3:$U$8,2,FALSE)*M459,0) -> 1006 | K459: =ROUND(J459*H459,0) -> 755 | L459: =ROUND($I459*L$2,0) -> 4527 | M459: 1.006 | N459: =ROUND($I459*N$2,0) -> 1132 | O459: =ROUND($I459*O$2,0) -> 113175 | P459: =L459*1.5% -> 67.905 | Q459: =ROUND((O459-N459)*$Q$2,0) -> 376 | R459: 以锋刃为核心的近战武器，攻守均衡，适配绝大多数近战职业，是最经典的武器类型。 | S459: =VLOOKUP(B459,$AD:$AE,2,FALSE) -> 230010000 | AD459: 金杯 | AE459: 160060036
A460: 458 | B460: 白弓 | C460: 武器 | D460: 白 | E460: 37 | F460: 4 | G460: 2 | H460: =VLOOKUP(F460*G460,$T$3:$U$11,2,FALSE) -> 0.84 | I460: =ROUND(F460*G460*J460*H460,0) -> 6666 | J460: =ROUND(VLOOKUP(D460,[1]物品容器!$T$3:$U$8,2,FALSE)*M460,0) -> 992 | K460: =ROUND(J460*H460,0) -> 833 | L460: =ROUND($I460*L$2,0) -> 4000 | M460: 0.9915 | N460: =ROUND($I460*N$2,0) -> 1000 | O460: =ROUND($I460*O$2,0) -> 99990 | P460: =L460*1.5% -> 60 | Q460: =ROUND((O460-N460)*$Q$2,0) -> 332 | R460: 以箭矢为媒介的远程武器，射程极远，主打精准打击与持续输出，是远程物理系的核心选择。 | S460: =VLOOKUP(B460,$AD:$AE,2,FALSE) -> 230070000 | AD460: 符热烤盘 | AE460: 160060037
A461: 459 | B461: 白长枪 | C461: 武器 | D461: 白 | E461: 38 | F461: 5 | G461: 2 | H461: =VLOOKUP(F461*G461,$T$3:$U$11,2,FALSE) -> 0.75 | I461: =ROUND(F461*G461*J461*H461,0) -> 7463 | J461: =ROUND(VLOOKUP(D461,[1]物品容器!$T$3:$U$8,2,FALSE)*M461,0) -> 995 | K461: =ROUND(J461*H461,0) -> 746 | L461: =ROUND($I461*L$2,0) -> 4478 | M461: 0.9953 | N461: =ROUND($I461*N$2,0) -> 1119 | O461: =ROUND($I461*O$2,0) -> 111945 | P461: =L461*1.5% -> 67.17 | Q461: =ROUND((O461-N461)*$Q$2,0) -> 372 | R461: 以长柄为优势的穿刺类武器，攻击距离长，爆发力强，擅长正面突刺与范围压制。 | S461: =VLOOKUP(B461,$AD:$AE,2,FALSE) -> 230030000 | AD461: 保鲜玉壶 | AE461: 160060038
A462: 460 | B462: 白法杖 | C462: 武器 | D462: 白 | E462: 39 | F462: 4 | G462: 2 | H462: =VLOOKUP(F462*G462,$T$3:$U$11,2,FALSE) -> 0.84 | I462: =ROUND(F462*G462*J462*H462,0) -> 6774 | J462: =ROUND(VLOOKUP(D462,[1]物品容器!$T$3:$U$8,2,FALSE)*M462,0) -> 1008 | K462: =ROUND(J462*H462,0) -> 847 | L462: =ROUND($I462*L$2,0) -> 4064 | M462: 1.0079 | N462: =ROUND($I462*N$2,0) -> 1016 | O462: =ROUND($I462*O$2,0) -> 101610 | P462: =L462*1.5% -> 60.96 | Q462: =ROUND((O462-N462)*$Q$2,0) -> 338 | R462: 以魔力为核心的施法武器，大幅提升法术强度与施法效率，是法系职业的专属武器。 | S462: =VLOOKUP(B462,$AD:$AE,2,FALSE) -> 230050000 | AD462: 深山蜂酿酒 | AE462: 160060039
A463: 461 | B463: 白法球 | C463: 武器 | D463: 白 | E463: 40 | F463: 3 | G463: 3 | H463: =VLOOKUP(F463*G463,$T$3:$U$11,2,FALSE) -> 0.8 | I463: =ROUND(F463*G463*J463*H463,0) -> 7250 | J463: =ROUND(VLOOKUP(D463,[1]物品容器!$T$3:$U$8,2,FALSE)*M463,0) -> 1007 | K463: =ROUND(J463*H463,0) -> 806 | L463: =ROUND($I463*L$2,0) -> 4350 | M463: 1.0071 | N463: =ROUND($I463*N$2,0) -> 1088 | O463: =ROUND($I463*O$2,0) -> 108750 | P463: =L463*1.5% -> 65.25 | Q463: =ROUND((O463-N463)*$Q$2,0) -> 361 | R463: 以元素为载体的施法武器，可灵活操控元素能量，适配多种法系流派，泛用性极强。 | S463: =VLOOKUP(B463,$AD:$AE,2,FALSE) -> 230060000 | AD463: 风干肉片 | AE463: 160060040
... A470: 468 | B470: 高级视野药剂 | C470: 药品 | D470: 金 | E470: 5 | F470: 1 | G470: 2 | H470: =VLOOKUP(F470*G470,$T$3:$U$11,2,FALSE) -> 0.97 | I470: =ROUND(F470*G470*J470*H470,0) -> 194427 | J470: =ROUND(VLOOKUP(D470,[1]物品容器!$T$3:$U$8,2,FALSE)*M470,0) -> 100220 | K470: =ROUND(J470*H470,0) -> 97213 | L470: =ROUND($I470*L$2,0) -> 116656 | M470: 1.0022 | N470: =ROUND($I470*N$2,0) -> 29164 | O470: =ROUND($I470*O$2,0) -> 2916405 | P470: =L470*1.5% -> 1749.84 | Q470: =ROUND((O470-N470)*$Q$2,0) -> 9688 | R470: 虹黄色的顶级药剂，赋予全知之眼，视野与感知力达到巅峰。 | S470: =VLOOKUP(B470,$AD:$AE,2,FALSE) -> #N/A | AD470: 月转仙酿 | AE470: 160060047
A471: 469 | B471: 高级持续回血药剂 | C471: 药品 | D471: 金 | E471: 6 | F471: 2 | G471: 2 | H471: =VLOOKUP(F471*G471,$T$3:$U$11,2,FALSE) -> 0.91 | I471: =ROUND(F471*G471*J471*H471,0) -> 365856 | J471: =ROUND(VLOOKUP(D471,[1]物品容器!$T$3:$U$8,2,FALSE)*M471,0) -> 100510 | K471: =ROUND(J471*H471,0) -> 91464 | L471: =ROUND($I471*L$2,0) -> 219514 | M471: 1.0051 | N471: =ROUND($I471*N$2,0) -> 54878 | O471: =ROUND($I471*O$2,0) -> 5487840 | P471: =L471*1.5% -> 3292.71 | Q471: =ROUND((O471-N471)*$Q$2,0) -> 18230 | R471: =B471 -> 高级持续回血药剂 | S471: =VLOOKUP(B471,$AD:$AE,2,FALSE) -> #N/A | AD471: 定温玉壶 | AE471: 160060048
A472: 470 | B472: 高级瞬时回血药剂 | C472: 药品 | D472: 金 | E472: 7 | F472: 2 | G472: 2 | H472: =VLOOKUP(F472*G472,$T$3:$U$11,2,FALSE) -> 0.91 | I472: =ROUND(F472*G472*J472*H472,0) -> 362981 | J472: =ROUND(VLOOKUP(D472,[1]物品容器!$T$3:$U$8,2,FALSE)*M472,0) -> 99720 | K472: =ROUND(J472*H472,0) -> 90745 | L472: =ROUND($I472*L$2,0) -> 217789 | M472: 0.9972 | N472: =ROUND($I472*N$2,0) -> 54447 | O472: =ROUND($I472*O$2,0) -> 5444715 | P472: =L472*1.5% -> 3266.835 | Q472: =ROUND((O472-N472)*$Q$2,0) -> 18087 | R472: =B472 -> 高级瞬时回血药剂 | S472: =VLOOKUP(B472,$AD:$AE,2,FALSE) -> #N/A | AD472: 静息香盘 | AE472: 160060049
A473: 471 | B473: 史诗护盾药剂 | C473: 药品 | D473: 紫 | E473: 8 | F473: 1 | G473: 1 | H473: =VLOOKUP(F473*G473,$T$3:$U$11,2,FALSE) -> 1 | I473: =ROUND(F473*G473*J473*H473,0) -> 29880 | J473: =ROUND(VLOOKUP(D473,[1]物品容器!$T$3:$U$8,2,FALSE)*M473,0) -> 29880 | K473: =ROUND(J473*H473,0) -> 29880 | L473: =ROUND($I473*L$2,0) -> 17928 | M473: 0.996 | N473: =ROUND($I473*N$2,0) -> 4482 | O473: =ROUND($I473*O$2,0) -> 448200 | P473: =L473*1.5% -> 268.92 | Q473: =ROUND((O473-N473)*$Q$2,0) -> 1489 | R473: 幽蓝色的稀有药剂，形成的防护屏障坚不可摧，持续时间极长。 | S473: =VLOOKUP(B473,$AD:$AE,2,FALSE) -> #N/A | AD473: 轻眠云毯 | AE473: 160060050
A474: 472 | B474: 史诗移速药剂 | C474: 药品 | D474: 紫 | E474: 9 | F474: 1 | G474: 1 | H474: =VLOOKUP(F474*G474,$T$3:$U$11,2,FALSE) -> 1 | I474: =ROUND(F474*G474*J474*H474,0) -> 30255 | J474: =ROUND(VLOOKUP(D474,[1]物品容器!$T$3:$U$8,2,FALSE)*M474,0) -> 30255 | K474: =ROUND(J474*H474,0) -> 30255 | L474: =ROUND($I474*L$2,0) -> 18153 | M474: 1.0085 | N474: =ROUND($I474*N$2,0) -> 4538 | O474: =ROUND($I474*O$2,0) -> 453825 | P474: =L474*1.5% -> 272.295 | Q474: =ROUND((O474-N474)*$Q$2,0) -> 1508 | R474: 碧绿色的稀有药剂，赋予身体风之灵动，奔跑速度极致提升。 | S474: =VLOOKUP(B474,$AD:$AE,2,FALSE) -> #N/A | AD474: 流纹晶杯 | AE474: 160060051
A475: 473 | B475: 史诗增伤药剂 | C475: 药品 | D475: 紫 | E475: 10 | F475: 1 | G475: 1 | H475: =VLOOKUP(F475*G475,$T$3:$U$11,2,FALSE) -> 1 | I475: =ROUND(F475*G475*J475*H475,0) -> 30183 | J475: =ROUND(VLOOKUP(D475,[1]物品容器!$T$3:$U$8,2,FALSE)*M475,0) -> 30183 | K475: =ROUND(J475*H475,0) -> 30183 | L475: =ROUND($I475*L$2,0) -> 18110 | M475: 1.0061 | N475: =ROUND($I475*N$2,0) -> 4527 | O475: =ROUND($I475*O$2,0) -> 452745 | P475: =L475*1.5% -> 271.65 | Q475: =ROUND((O475-N475)*$Q$2,0) -> 1504 | R475: 血红色的稀有药剂，彻底激发身体潜能，攻击力极致跃升。 | S475: =VLOOKUP(B475,$AD:$AE,2,FALSE) -> #N/A | AD475: 窖藏奶酪 | AE475: 160060052
A476: 474 | B476: 史诗减伤药剂 | C476: 药品 | D476: 紫 | E476: 11 | F476: 1 | G476: 1 | H476: =VLOOKUP(F476*G476,$T$3:$U$11,2,FALSE) -> 1 | I476: =ROUND(F476*G476*J476*H476,0) -> 30225 | J476: =ROUND(VLOOKUP(D476,[1]物品容器!$T$3:$U$8,2,FALSE)*M476,0) -> 30225 | K476: =ROUND(J476*H476,0) -> 30225 | L476: =ROUND($I476*L$2,0) -> 18135 | M476: 1.0075 | N476: =ROUND($I476*N$2,0) -> 4534 | O476: =ROUND($I476*O$2,0) -> 453375 | P476: =L476*1.5% -> 272.025 | Q476: =ROUND((O476-N476)*$Q$2,0) -> 1506 | R476: 暗灰色的稀有药剂，赋予身体大地抗性，所受伤害极致降低。 | S476: =VLOOKUP(B476,$AD:$AE,2,FALSE) -> #N/A | AD476: 缓温银盘 | AE476: 160060053
A477: 475 | B477: 史诗视野药剂 | C477: 药品 | D477: 紫 | E477: 12 | F477: 1 | G477: 1 | H477: =VLOOKUP(F477*G477,$T$3:$U$11,2,FALSE) -> 1 | I477: =ROUND(F477*G477*J477*H477,0) -> 29727 | J477: =ROUND(VLOOKUP(D477,[1]物品容器!$T$3:$U$8,2,FALSE)*M477,0) -> 29727 | K477: =ROUND(J477*H477,0) -> 29727 | L477: =ROUND($I477*L$2,0) -> 17836 | M477: 0.9909 | N477: =ROUND($I477*N$2,0) -> 4459 | O477: =ROUND($I477*O$2,0) -> 445905 | P477: =L477*1.5% -> 267.54 | Q477: =ROUND((O477-N477)*$Q$2,0) -> 1481 | R477: 橙黄色的稀有药剂，赋予洞察之眼，视野范围与感知力拉满。 | S477: =VLOOKUP(B477,$AD:$AE,2,FALSE) -> #N/A | AD477: 余音酒杯 | AE477: 160060054
A478: 476 | B478: 史诗持续回血药剂 | C478: 药品 | D478: 紫 | E478: 13 | F478: 1 | G478: 2 | H478: =VLOOKUP(F478*G478,$T$3:$U$11,2,FALSE) -> 0.97 | I478: =ROUND(F478*G478*J478*H478,0) -> 57694 | J478: =ROUND(VLOOKUP(D478,[1]物品容器!$T$3:$U$8,2,FALSE)*M478,0) -> 29739 | K478: =ROUND(J478*H478,0) -> 28847 | L478: =ROUND($I478*L$2,0) -> 34616 | M478: 0.9913 | N478: =ROUND($I478*N$2,0) -> 8654 | O478: =ROUND($I478*O$2,0) -> 865410 | P478: =L478*1.5% -> 519.24 | Q478: =ROUND((O478-N478)*$Q$2,0) -> 2875 | R478: =B478 -> 史诗持续回血药剂 | S478: =VLOOKUP(B478,$AD:$AE,2,FALSE) -> #N/A | AD478: 映心手镜 | AE478: 160060055
A479: 477 | B479: 史诗瞬时回血药剂 | C479: 药品 | D479: 紫 | E479: 14 | F479: 1 | G479: 2 | H479: =VLOOKUP(F479*G479,$T$3:$U$11,2,FALSE) -> 0.97 | I479: =ROUND(F479*G479*J479*H479,0) -> 58241 | J479: =ROUND(VLOOKUP(D479,[1]物品容器!$T$3:$U$8,2,FALSE)*M479,0) -> 30021 | K479: =ROUND(J479*H479,0) -> 29120 | L479: =ROUND($I479*L$2,0) -> 34945 | M479: 1.0007 | N479: =ROUND($I479*N$2,0) -> 8736 | O479: =ROUND($I479*O$2,0) -> 873615 | P479: =L479*1.5% -> 524.175 | Q479: =ROUND((O479-N479)*$Q$2,0) -> 2902 | R479: =B479 -> 史诗瞬时回血药剂 | S479: =VLOOKUP(B479,$AD:$AE,2,FALSE) -> #N/A | AD479: 骨瓷梳妆台 | AE479: 160060056
A480: 478 | B480: 英雄护盾药剂 | C480: 药品 | D480: 蓝 | E480: 15 | F480: 1 | G480: 1 | H480: =VLOOKUP(F480*G480,$T$3:$U$11,2,FALSE) -> 1 | I480: =ROUND(F480*G480*J480*H480,0) -> 9974 | J480: =ROUND(VLOOKUP(D480,[1]物品容器!$T$3:$U$8,2,FALSE)*M480,0) -> 9974 | K480: =ROUND(J480*H480,0) -> 9974 | L480: =ROUND($I480*L$2,0) -> 5984 | M480: 0.9974 | N480: =ROUND($I480*N$2,0) -> 1496 | O480: =ROUND($I480*O$2,0) -> 149610 | P480: =L480*1.5% -> 89.76 | Q480: =ROUND((O480-N480)*$Q$2,0) -> 497 | R480: 冰蓝色的高阶药剂，可形成坚固的防护屏障，持续时间大幅延长。 | S480: =VLOOKUP(B480,$AD:$AE,2,FALSE) -> #N/A | AD480: 安梦棉毯 | AE480: 160060057
A481: 479 | B481: 英雄移速药剂 | C481: 药品 | D481: 蓝 | E481: 16 | F481: 1 | G481: 1 | H481: =VLOOKUP(F481*G481,$T$3:$U$11,2,FALSE) -> 1 | I481: =ROUND(F481*G481*J481*H481,0) -> 9944 | J481: =ROUND(VLOOKUP(D481,[1]物品容器!$T$3:$U$8,2,FALSE)*M481,0) -> 9944 | K481: =ROUND(J481*H481,0) -> 9944 | L481: =ROUND($I481*L$2,0) -> 5966 | M481: 0.9944 | N481: =ROUND($I481*N$2,0) -> 1492 | O481: =ROUND($I481*O$2,0) -> 149160 | P481: =L481*1.5% -> 89.49 | Q481: =ROUND((O481-N481)*$Q$2,0) -> 495 | R481: 翠绿色的高阶药剂，极致提升身体灵动性，奔跑速度大幅跃升。 | S481: =VLOOKUP(B481,$AD:$AE,2,FALSE) -> #N/A | AD481: 流净瓷具 | AE481: 160060058
A482: 480 | B482: 英雄增伤药剂 | C482: 药品 | D482: 蓝 | E482: 17 | F482: 1 | G482: 1 | H482: =VLOOKUP(F482*G482,$T$3:$U$11,2,FALSE) -> 1 | I482: =ROUND(F482*G482*J482*H482,0) -> 10088 | J482: =ROUND(VLOOKUP(D482,[1]物品容器!$T$3:$U$8,2,FALSE)*M482,0) -> 10088 | K482: =ROUND(J482*H482,0) -> 10088 | L482: =ROUND($I482*L$2,0) -> 6053 | M482: 1.0088 | N482: =ROUND($I482*N$2,0) -> 1513 | O482: =ROUND($I482*O$2,0) -> 151320 | P482: =L482*1.5% -> 90.795 | Q482: =ROUND((O482-N482)*$Q$2,0) -> 503 | R482: 赤红色的高阶药剂，极致激发身体潜能，攻击力大幅跃升。 | S482: =VLOOKUP(B482,$AD:$AE,2,FALSE) -> #N/A | AD482: 神酿秘酒 | AE482: 160060059
A483: 481 | B483: 英雄减伤药剂 | C483: 药品 | D483: 蓝 | E483: 18 | F483: 1 | G483: 1 | H483: =VLOOKUP(F483*G483,$T$3:$U$11,2,FALSE) -> 1 | I483: =ROUND(F483*G483*J483*H483,0) -> 10029 | J483: =ROUND(VLOOKUP(D483,[1]物品容器!$T$3:$U$8,2,FALSE)*M483,0) -> 10029 | K483: =ROUND(J483*H483,0) -> 10029 | L483: =ROUND($I483*L$2,0) -> 6017 | M483: 1.0029 | N483: =ROUND($I483*N$2,0) -> 1504 | O483: =ROUND($I483*O$2,0) -> 150435 | P483: =L483*1.5% -> 90.255 | Q483: =ROUND((O483-N483)*$Q$2,0) -> 500 | R483: 炭灰色的高阶药剂，极致强化身体抗性，所受伤害大幅降低。 | S483: =VLOOKUP(B483,$AD:$AE,2,FALSE) -> #N/A | AD483: 旧锻造纸稿 | AE483: 160070001
A484: 482 | B484: 英雄视野药剂 | C484: 药品 | D484: 蓝 | E484: 19 | F484: 1 | G484: 1 | H484: =VLOOKUP(F484*G484,$T$3:$U$11,2,FALSE) -> 1 | I484: =ROUND(F484*G484*J484*H484,0) -> 10047 | J484: =ROUND(VLOOKUP(D484,[1]物品容器!$T$3:$U$8,2,FALSE)*M484,0) -> 10047 | K484: =ROUND(J484*H484,0) -> 10047 | L484: =ROUND($I484*L$2,0) -> 6028 | M484: 1.0047 | N484: =ROUND($I484*N$2,0) -> 1507 | O484: =ROUND($I484*O$2,0) -> 150705 | P484: =L484*1.5% -> 90.42 | Q484: =ROUND((O484-N484)*$Q$2,0) -> 501 | R484: 金黄色的高阶药剂，极致拓宽视野范围，环境感知力极致提升。 | S484: =VLOOKUP(B484,$AD:$AE,2,FALSE) -> #N/A | AD484: 简略草图 | AE484: 160070002
A485: 483 | B485: 英雄持续回血药剂 | C485: 药品 | D485: 蓝 | E485: 20 | F485: 1 | G485: 2 | H485: =VLOOKUP(F485*G485,$T$3:$U$11,2,FALSE) -> 0.97 | I485: =ROUND(F485*G485*J485*H485,0) -> 19524 | J485: =ROUND(VLOOKUP(D485,[1]物品容器!$T$3:$U$8,2,FALSE)*M485,0) -> 10064 | K485: =ROUND(J485*H485,0) -> 9762 | L485: =ROUND($I485*L$2,0) -> 11714 | M485: 1.0064 | N485: =ROUND($I485*N$2,0) -> 2929 | O485: =ROUND($I485*O$2,0) -> 292860 | P485: =L485*1.5% -> 175.71 | Q485: =ROUND((O485-N485)*$Q$2,0) -> 973 | R485: =B485 -> 英雄持续回血药剂 | S485: =VLOOKUP(B485,$AD:$AE,2,FALSE) -> #N/A | AD485: 粗制符文石 | AE485: 160070003
A486: 484 | B486: 英雄瞬时回血药剂 | C486: 药品 | D486: 蓝 | E486: 21 | F486: 1 | G486: 2 | H486: =VLOOKUP(F486*G486,$T$3:$U$11,2,FALSE) -> 0.97 | I486: =ROUND(F486*G486*J486*H486,0) -> 19555 | J486: =ROUND(VLOOKUP(D486,[1]物品容器!$T$3:$U$8,2,FALSE)*M486,0) -> 10080 | K486: =ROUND(J486*H486,0) -> 9778 | L486: =ROUND($I486*L$2,0) -> 11733 | M486: 1.008 | N486: =ROUND($I486*N$2,0) -> 2933 | O486: =ROUND($I486*O$2,0) -> 293325 | P486: =L486*1.5% -> 175.995 | Q486: =ROUND((O486-N486)*$Q$2,0) -> 974 | R486: =B486 -> 英雄瞬时回血药剂 | S486: =VLOOKUP(B486,$AD:$AE,2,FALSE) -> #N/A | AD486: 破旧卷轴碎片 | AE486: 160070004
A487: 485 | B487: 稀有护盾药剂 | C487: 药品 | D487: 绿 | E487: 22 | F487: 1 | G487: 1 | H487: =VLOOKUP(F487*G487,$T$3:$U$11,2,FALSE) -> 1 | I487: =ROUND(F487*G487*J487*H487,0) -> 3029 | J487: =ROUND(VLOOKUP(D487,[1]物品容器!$T$3:$U$8,2,FALSE)*M487,0) -> 3029 | K487: =ROUND(J487*H487,0) -> 3029 | L487: =ROUND($I487*L$2,0) -> 1817 | M487: 1.0096 | N487: =ROUND($I487*N$2,0) -> 454 | O487: =ROUND($I487*O$2,0) -> 45435 | P487: =L487*1.5% -> 27.255 | Q487: =ROUND((O487-N487)*$Q$2,0) -> 151 | R487: 深蓝色的进阶药剂，形成的防护屏障更厚实，持续时间更长。 | S487: =VLOOKUP(B487,$AD:$AE,2,FALSE) -> #N/A | AD487: 手工制作笔记 | AE487: 160070005
A488: 486 | B488: 稀有移速药剂 | C488: 药品 | D488: 绿 | E488: 23 | F488: 1 | G488: 1 | H488: =VLOOKUP(F488*G488,$T$3:$U$11,2,FALSE) -> 1 | I488: =ROUND(F488*G488*J488*H488,0) -> 3007 | J488: =ROUND(VLOOKUP(D488,[1]物品容器!$T$3:$U$8,2,FALSE)*M488,0) -> 3007 | K488: =ROUND(J488*H488,0) -> 3007 | L488: =ROUND($I488*L$2,0) -> 1804 | M488: 1.0024 | N488: =ROUND($I488*N$2,0) -> 451 | O488: =ROUND($I488*O$2,0) -> 45105 | P488: =L488*1.5% -> 27.06 | Q488: =ROUND((O488-N488)*$Q$2,0) -> 150 | R488: 深绿色的进阶药剂，大幅提升身体灵动性，奔跑速度显著提升。 | S488: =VLOOKUP(B488,$AD:$AE,2,FALSE) -> #N/A | AD488: 小径路线图 | AE488: 160070006
A489: 487 | B489: 稀有增伤药剂 | C489: 药品 | D489: 绿 | E489: 24 | F489: 1 | G489: 1 | H489: =VLOOKUP(F489*G489,$T$3:$U$11,2,FALSE) -> 1 | I489: =ROUND(F489*G489*J489*H489,0) -> 2986 | J489: =ROUND(VLOOKUP(D489,[1]物品容器!$T$3:$U$8,2,FALSE)*M489,0) -> 2986 | K489: =ROUND(J489*H489,0) -> 2986 | L489: =ROUND($I489*L$2,0) -> 1792 | M489: 0.9954 | N489: =ROUND($I489*N$2,0) -> 448 | O489: =ROUND($I489*O$2,0) -> 44790 | P489: =L489*1.5% -> 26.88 | Q489: =ROUND((O489-N489)*$Q$2,0) -> 149 | R489: 深红色的进阶药剂，深度激发身体潜能，攻击力大幅提升。 | S489: =VLOOKUP(B489,$AD:$AE,2,FALSE) -> #N/A | AD489: 火花术卷轴 | AE489: 160070007
A490: 488 | B490: 稀有减伤药剂 | C490: 药品 | D490: 绿 | E490: 25 | F490: 1 | G490: 1 | H490: =VLOOKUP(F490*G490,$T$3:$U$11,2,FALSE) -> 1 | I490: =ROUND(F490*G490*J490*H490,0) -> 3012 | J490: =ROUND(VLOOKUP(D490,[1]物品容器!$T$3:$U$8,2,FALSE)*M490,0) -> 3012 | K490: =ROUND(J490*H490,0) -> 3012 | L490: =ROUND($I490*L$2,0) -> 1807 | M490: 1.0039 | N490: =ROUND($I490*N$2,0) -> 452 | O490: =ROUND($I490*O$2,0) -> 45180 | P490: =L490*1.5% -> 27.105 | Q490: =ROUND((O490-N490)*$Q$2,0) -> 150 | R490: 深灰色的进阶药剂，大幅强化身体抗性，所受伤害显著降低。 | S490: =VLOOKUP(B490,$AD:$AE,2,FALSE) -> #N/A | AD490: 简易锻造图 | AE490: 160070008
A491: 489 | B491: 稀有视野药剂 | C491: 药品 | D491: 绿 | E491: 26 | F491: 1 | G491: 1 | H491: =VLOOKUP(F491*G491,$T$3:$U$11,2,FALSE) -> 1 | I491: =ROUND(F491*G491*J491*H491,0) -> 2984 | J491: =ROUND(VLOOKUP(D491,[1]物品容器!$T$3:$U$8,2,FALSE)*M491,0) -> 2984 | K491: =ROUND(J491*H491,0) -> 2984 | L491: =ROUND($I491*L$2,0) -> 1790 | M491: 0.9945 | N491: =ROUND($I491*N$2,0) -> 448 | O491: =ROUND($I491*O$2,0) -> 44760 | P491: =L491*1.5% -> 26.85 | Q491: =ROUND((O491-N491)*$Q$2,0) -> 149 | R491: 深黄色的进阶药剂，大幅拓宽视野范围，环境感知力大幅增强。 | S491: =VLOOKUP(B491,$AD:$AE,2,FALSE) -> #N/A | AD491: 村庄地图 | AE491: 160070009
A492: 490 | B492: 稀有持续回血药剂 | C492: 药品 | D492: 绿 | E492: 27 | F492: 1 | G492: 1 | H492: =VLOOKUP(F492*G492,$T$3:$U$11,2,FALSE) -> 1 | I492: =ROUND(F492*G492*J492*H492,0) -> 3024 | J492: =ROUND(VLOOKUP(D492,[1]物品容器!$T$3:$U$8,2,FALSE)*M492,0) -> 3024 | K492: =ROUND(J492*H492,0) -> 3024 | L492: =ROUND($I492*L$2,0) -> 1814 | M492: 1.0081 | N492: =ROUND($I492*N$2,0) -> 454 | O492: =ROUND($I492*O$2,0) -> 45360 | P492: =L492*1.5% -> 27.21 | Q492: =ROUND((O492-N492)*$Q$2,0) -> 151 | R492: =B492 -> 稀有持续回血药剂 | S492: =VLOOKUP(B492,$AD:$AE,2,FALSE) -> #N/A | AD492: 标准符文模组 | AE492: 160070010
A493: 491 | B493: 稀有瞬时回血药剂 | C493: 药品 | D493: 绿 | E493: 28 | F493: 1 | G493: 1 | H493: =VLOOKUP(F493*G493,$T$3:$U$11,2,FALSE) -> 1 | I493: =ROUND(F493*G493*J493*H493,0) -> 2977 | J493: =ROUND(VLOOKUP(D493,[1]物品容器!$T$3:$U$8,2,FALSE)*M493,0) -> 2977 | K493: =ROUND(J493*H493,0) -> 2977 | L493: =ROUND($I493*L$2,0) -> 1786 | M493: 0.9922 | N493: =ROUND($I493*N$2,0) -> 447 | O493: =ROUND($I493*O$2,0) -> 44655 | P493: =L493*1.5% -> 26.79 | Q493: =ROUND((O493-N493)*$Q$2,0) -> 148 | R493: =B493 -> 稀有瞬时回血药剂 | S493: =VLOOKUP(B493,$AD:$AE,2,FALSE) -> #N/A | AD493: 单质符文基材 | AE493: 160070011
A494: 492 | B494: 普通护盾药剂 | C494: 药品 | D494: 白 | E494: 29 | F494: 1 | G494: 1 | H494: =VLOOKUP(F494*G494,$T$3:$U$11,2,FALSE) -> 1 | I494: =ROUND(F494*G494*J494*H494,0) -> 1006 | J494: =ROUND(VLOOKUP(D494,[1]物品容器!$T$3:$U$8,2,FALSE)*M494,0) -> 1006 | K494: =ROUND(J494*H494,0) -> 1006 | L494: =ROUND($I494*L$2,0) -> 604 | M494: 1.0058 | N494: =ROUND($I494*N$2,0) -> 151 | O494: =ROUND($I494*O$2,0) -> 15090 | P494: =L494*1.5% -> 9.06 | Q494: =ROUND((O494-N494)*$Q$2,0) -> 50 | R494: 淡蓝色的基础药剂，可短暂形成一层薄弱的防护屏障。 | S494: =VLOOKUP(B494,$AD:$AE,2,FALSE) -> #N/A | AD494: 基础锻造手册 | AE494: 160070012
A495: 493 | B495: 普通移速药剂 | C495: 药品 | D495: 白 | E495: 30 | F495: 1 | G495: 1 | H495: =VLOOKUP(F495*G495,$T$3:$U$11,2,FALSE) -> 1 | I495: =ROUND(F495*G495*J495*H495,0) -> 1004 | J495: =ROUND(VLOOKUP(D495,[1]物品容器!$T$3:$U$8,2,FALSE)*M495,0) -> 1004 | K495: =ROUND(J495*H495,0) -> 1004 | L495: =ROUND($I495*L$2,0) -> 602 | M495: 1.0039 | N495: =ROUND($I495*N$2,0) -> 151 | O495: =ROUND($I495*O$2,0) -> 15060 | P495: =L495*1.5% -> 9.03 | Q495: =ROUND((O495-N495)*$Q$2,0) -> 50 | R495: 淡绿色的基础药剂，能小幅提升身体的灵动性与奔跑速度。 | S495: =VLOOKUP(B495,$AD:$AE,2,FALSE) -> #N/A | AD495: 区域地形图 | AE495: 160070013
A496: 494 | B496: 普通增伤药剂 | C496: 药品 | D496: 白 | E496: 31 | F496: 1 | G496: 1 | H496: =VLOOKUP(F496*G496,$T$3:$U$11,2,FALSE) -> 1 | I496: =ROUND(F496*G496*J496*H496,0) -> 996 | J496: =ROUND(VLOOKUP(D496,[1]物品容器!$T$3:$U$8,2,FALSE)*M496,0) -> 996 | K496: =ROUND(J496*H496,0) -> 996 | L496: =ROUND($I496*L$2,0) -> 598 | M496: 0.9959 | N496: =ROUND($I496*N$2,0) -> 149 | O496: =ROUND($I496*O$2,0) -> 14940 | P496: =L496*1.5% -> 8.97 | Q496: =ROUND((O496-N496)*$Q$2,0) -> 50 | R496: 淡红色的基础药剂，可短暂激发身体潜能，小幅提升攻击力。 | S496: =VLOOKUP(B496,$AD:$AE,2,FALSE) -> #N/A | AD496: 闪光术卷轴 | AE496: 160070014
A497: 495 | B497: 普通减伤药剂 | C497: 药品 | D497: 白 | E497: 32 | F497: 1 | G497: 1 | H497: =VLOOKUP(F497*G497,$T$3:$U$11,2,FALSE) -> 1 | I497: =ROUND(F497*G497*J497*H497,0) -> 993 | J497: =ROUND(VLOOKUP(D497,[1]物品容器!$T$3:$U$8,2,FALSE)*M497,0) -> 993 | K497: =ROUND(J497*H497,0) -> 993 | L497: =ROUND($I497*L$2,0) -> 596 | M497: 0.9933 | N497: =ROUND($I497*N$2,0) -> 149 | O497: =ROUND($I497*O$2,0) -> 14895 | P497: =L497*1.5% -> 8.94 | Q497: =ROUND((O497-N497)*$Q$2,0) -> 49 | R497: 淡灰色的基础药剂，能强化身体抗性，小幅降低所受伤害。 | S497: =VLOOKUP(B497,$AD:$AE,2,FALSE) -> #N/A | AD497: 小队战术笔记 | AE497: 160070015
A498: 496 | B498: 普通视野药剂 | C498: 药品 | D498: 白 | E498: 33 | F498: 1 | G498: 1 | H498: =VLOOKUP(F498*G498,$T$3:$U$11,2,FALSE) -> 1 | I498: =ROUND(F498*G498*J498*H498,0) -> 997 | J498: =ROUND(VLOOKUP(D498,[1]物品容器!$T$3:$U$8,2,FALSE)*M498,0) -> 997 | K498: =ROUND(J498*H498,0) -> 997 | L498: =ROUND($I498*L$2,0) -> 598 | M498: 0.9965 | N498: =ROUND($I498*N$2,0) -> 150 | O498: =ROUND($I498*O$2,0) -> 14955 | P498: =L498*1.5% -> 8.97 | Q498: =ROUND((O498-N498)*$Q$2,0) -> 50 | R498: 淡黄色的基础药剂，可短暂拓宽视野范围，提升环境感知力。 | S498: =VLOOKUP(B498,$AD:$AE,2,FALSE) -> #N/A | AD498: 城镇发展记录 | AE498: 160070016
A499: 497 | B499: 普通持续回血药剂 | C499: 药品 | D499: 白 | E499: 34 | F499: 1 | G499: 1 | H499: =VLOOKUP(F499*G499,$T$3:$U$11,2,FALSE) -> 1 | I499: =ROUND(F499*G499*J499*H499,0) -> 1008 | J499: =ROUND(VLOOKUP(D499,[1]物品容器!$T$3:$U$8,2,FALSE)*M499,0) -> 1008 | K499: =ROUND(J499*H499,0) -> 1008 | L499: =ROUND($I499*L$2,0) -> 605 | M499: 1.0077 | N499: =ROUND($I499*N$2,0) -> 151 | O499: =ROUND($I499*O$2,0) -> 15120 | P499: =L499*1.5% -> 9.075 | Q499: =ROUND((O499-N499)*$Q$2,0) -> 50 | R499: =B499 -> 普通持续回血药剂 | S499: =VLOOKUP(B499,$AD:$AE,2,FALSE) -> #N/A | AD499: 工坊订单文件 | AE499: 160070017
A500: 498 | B500: 普通瞬时回血药剂 | C500: 药品 | D500: 白 | E500: 35 | F500: 1 | G500: 1 | H500: =VLOOKUP(F500*G500,$T$3:$U$11,2,FALSE) -> 1 | I500: =ROUND(F500*G500*J500*H500,0) -> 998 | J500: =ROUND(VLOOKUP(D500,[1]物品容器!$T$3:$U$8,2,FALSE)*M500,0) -> 998 | K500: =ROUND(J500*H500,0) -> 998 | L500: =ROUND($I500*L$2,0) -> 599 | M500: 0.9978 | N500: =ROUND($I500*N$2,0) -> 150 | O500: =ROUND($I500*O$2,0) -> 14970 | P500: =L500*1.5% -> 8.985 | Q500: =ROUND((O500-N500)*$Q$2,0) -> 50 | R500: =B500 -> 普通瞬时回血药剂 | S500: =VLOOKUP(B500,$AD:$AE,2,FALSE) -> #N/A | AD500: 精制符文核心 | AE500: 160070018
A501: 499 | B501: 高级武器维修道具 | C501: 维修道具 | D501: 金 | E501: 1 | F501: 2 | G501: 2 | H501: =VLOOKUP(F501*G501,$T$3:$U$11,2,FALSE) -> 0.91 | I501: =ROUND(F501*G501*J501*H501,0) -> 367021 | J501: =ROUND(VLOOKUP(D501,[1]物品容器!$T$3:$U$8,2,FALSE)*M501,0) -> 100830 | K501: =ROUND(J501*H501,0) -> 91755 | L501: =ROUND($I501*L$2,0) -> 220213 | M501: 1.0083 | N501: =ROUND($I501*N$2,0) -> 55053 | O501: =ROUND($I501*O$2,0) -> 5505315 | P501: =L501*1.5% -> 3303.195 | Q501: =ROUND((O501-N501)*$Q$2,0) -> 18288 | R501: 高级武器维修道具 | S501: =VLOOKUP(B501,$AD:$AE,2,FALSE) -> #N/A | AD501: 魔力补给卷 | AE501: 160070019
A502: 500 | B502: 高级防具维修道具 | C502: 维修道具 | D502: 金 | E502: 2 | F502: 2 | G502: 2 | H502: =VLOOKUP(F502*G502,$T$3:$U$11,2,FALSE) -> 0.91 | I502: =ROUND(F502*G502*J502*H502,0) -> 365893 | J502: =ROUND(VLOOKUP(D502,[1]物品容器!$T$3:$U$8,2,FALSE)*M502,0) -> 100520 | K502: =ROUND(J502*H502,0) -> 91473 | L502: =ROUND($I502*L$2,0) -> 219536 | M502: 1.0052 | N502: =ROUND($I502*N$2,0) -> 54884 | O502: =ROUND($I502*O$2,0) -> 5488395 | P502: =L502*1.5% -> 3293.04 | Q502: =ROUND((O502-N502)*$Q$2,0) -> 18232 | R502: 高级防具维修道具 | S502: =VLOOKUP(B502,$AD:$AE,2,FALSE) -> #N/A | AD502: 精工武器图谱 | AE502: 160070020
A503: 501 | B503: 史诗武器维修道具 | C503: 维修道具 | D503: 紫 | E503: 3 | F503: 1 | G503: 3 | H503: =VLOOKUP(F503*G503,$T$3:$U$11,2,FALSE) -> 0.94 | I503: =ROUND(F503*G503*J503*H503,0) -> 84930 | J503: =ROUND(VLOOKUP(D503,[1]物品容器!$T$3:$U$8,2,FALSE)*M503,0) -> 30117 | K503: =ROUND(J503*H503,0) -> 28310 | L503: =ROUND($I503*L$2,0) -> 50958 | M503: 1.0039 | N503: =ROUND($I503*N$2,0) -> 12740 | O503: =ROUND($I503*O$2,0) -> 1273950 | P503: =L503*1.5% -> 764.37 | Q503: =ROUND((O503-N503)*$Q$2,0) -> 4232 | R503: 史诗武器维修道具 | S503: =VLOOKUP(B503,$AD:$AE,2,FALSE) -> #N/A | AD503: 边境防御布阵图 | AE503: 160070021
A504: 502 | B504: 史诗防具维修道具 | C504: 维修道具 | D504: 紫 | E504: 4 | F504: 2 | G504: 2 | H504: =VLOOKUP(F504*G504,$T$3:$U$11,2,FALSE) -> 0.91 | I504: =ROUND(F504*G504*J504*H504,0) -> 110019 | J504: =ROUND(VLOOKUP(D504,[1]物品容器!$T$3:$U$8,2,FALSE)*M504,0) -> 30225 | K504: =ROUND(J504*H504,0) -> 27505 | L504: =ROUND($I504*L$2,0) -> 66011 | M504: 1.0075 | N504: =ROUND($I504*N$2,0) -> 16503 | O504: =ROUND($I504*O$2,0) -> 1650285 | P504: =L504*1.5% -> 990.165 | Q504: =ROUND((O504-N504)*$Q$2,0) -> 5482 | R504: 史诗防具维修道具 | S504: =VLOOKUP(B504,$AD:$AE,2,FALSE) -> #N/A | AD504: 秘银矿脉地图 | AE504: 160070022
A505: 503 | B505: 英雄武器维修道具 | C505: 维修道具 | D505: 蓝 | E505: 5 | F505: 1 | G505: 3 | H505: =VLOOKUP(F505*G505,$T$3:$U$11,2,FALSE) -> 0.94 | I505: =ROUND(F505*G505*J505*H505,0) -> 27972 | J505: =ROUND(VLOOKUP(D505,[1]物品容器!$T$3:$U$8,2,FALSE)*M505,0) -> 9919 | K505: =ROUND(J505*H505,0) -> 9324 | L505: =ROUND($I505*L$2,0) -> 16783 | M505: 0.9919 | N505: =ROUND($I505*N$2,0) -> 4196 | O505: =ROUND($I505*O$2,0) -> 419580 | P505: =L505*1.5% -> 251.745 | Q505: =ROUND((O505-N505)*$Q$2,0) -> 1394 | R505: 英雄武器维修道具 | S505: =VLOOKUP(B505,$AD:$AE,2,FALSE) -> #N/A | AD505: 元素强化卷轴 | AE505: 160070023
A506: 504 | B506: 英雄防具维修道具 | C506: 维修道具 | D506: 蓝 | E506: 6 | F506: 2 | G506: 2 | H506: =VLOOKUP(F506*G506,$T$3:$U$11,2,FALSE) -> 0.91 | I506: =ROUND(F506*G506*J506*H506,0) -> 36378 | J506: =ROUND(VLOOKUP(D506,[1]物品容器!$T$3:$U$8,2,FALSE)*M506,0) -> 9994 | K506: =ROUND(J506*H506,0) -> 9095 | L506: =ROUND($I506*L$2,0) -> 21827 | M506: 0.9994 | N506: =ROUND($I506*N$2,0) -> 5457 | O506: =ROUND($I506*O$2,0) -> 545670 | P506: =L506*1.5% -> 327.405 | Q506: =ROUND((O506-N506)*$Q$2,0) -> 1813 | R506: 英雄防具维修道具 | S506: =VLOOKUP(B506,$AD:$AE,2,FALSE) -> #N/A | AD506: 王城财务档案 | AE506: 160070024
...

Sheet Sheet2

Sheet Sheet3
